objectId,subType,name,description,folder,formName,formCategory,displayFormat,expression,tableName,tableSubType
8AC91549488412F8360B7DB41BE89C19,attribute,Actividad Financiera,Actividad Financiera de la que se origina la transaccion contable.,Schema Objects/Attributes/Pagos Contabilizados,ID,ID,number,ACTIVIDAD_FINANCIERA_ID,V_D_ACTIVIDAD_FINANCIERA,logical_table
8AC91549488412F8360B7DB41BE89C19,attribute,Actividad Financiera,Actividad Financiera de la que se origina la transaccion contable.,Schema Objects/Attributes/Pagos Contabilizados,ID,ID,number,ACTIVIDAD_FINANCIERA_ID,V_F_TR_PAGOS_CONTABILIZADOS_D,logical_table
8AC91549488412F8360B7DB41BE89C19,attribute,Actividad Financiera,Actividad Financiera de la que se origina la transaccion contable.,Schema Objects/Attributes/Pagos Contabilizados,Codigo,CODIGO,text,ACTIVIDAD_FINANCIERA_CD,V_D_ACTIVIDAD_FINANCIERA,logical_table
8AC91549488412F8360B7DB41BE89C19,attribute,Actividad Financiera,Actividad Financiera de la que se origina la transaccion contable.,Schema Objects/Attributes/Pagos Contabilizados,Descripcion,DESC,text,ACTIVIDAD_FINANCIERA_DE,V_D_ACTIVIDAD_FINANCIERA,logical_table
81D28BE24BCE0E9A4E988CAF470308D8,attribute,Acuerdo Facturacion,,Schema Objects/Attributes/Facturacion Cabecera,Acuerdo Facturacion,CODIGO,number,ACUERDO_FACTURACION_CD,V_F_TR_COBROS_DETALLE_D,logical_table
81D28BE24BCE0E9A4E988CAF470308D8,attribute,Acuerdo Facturacion,,Schema Objects/Attributes/Facturacion Cabecera,Acuerdo Facturacion,CODIGO,number,ACUERDO_FACTURACION_CD,V_F_TR_FACTURACION_CABECERA_D,logical_table
81D28BE24BCE0E9A4E988CAF470308D8,attribute,Acuerdo Facturacion,,Schema Objects/Attributes/Facturacion Cabecera,Acuerdo Facturacion,CODIGO,number,ACUERDO_FACTURACION_CD,V_F_TR_FACTURACION_DETALLE_D,logical_table
81D28BE24BCE0E9A4E988CAF470308D8,attribute,Acuerdo Facturacion,,Schema Objects/Attributes/Facturacion Cabecera,Acuerdo Facturacion,CODIGO,number,ACUERDO_FACTURACION_CD,V_F_TR_FACTURACION_IMPUESTOS_D,logical_table
54DE0DF54F6BFB2A17783692BFD22FF9,attribute,Alicuota Impuesto,,Schema Objects/Attributes/Facturacion Impuestos/Impuesto,Alicuota,Alicuota Impuesto None,number,ALICUOTA_IMPUESTO_NR,V_F_TR_FACTURACION_IMPUESTOS_D,logical_table
26FA98204A07A07E1CF301B2DDF7F33D,attribute,Anio,,Schema Objects/Attributes/Tiempo,Anio,ID,number,ANIO_ID,V_D_ANIO,logical_table
66F9169848A6C9084CC96891AF882BE4,attribute,Anio Actualizacion Pago,,Schema Objects/Attributes/Pagos Detalle/Tiempo/Fecha Actualizacion Pago,Anio,ID,number,ANIO_ID,A_V_D_CALENDARIO_FECHA_ACTUALIZACION_PAGO,logical_table
095813264BAD854103637B9C574A9DD3,attribute,Anio Actualizacion Registro,Anio de Actualizacion del registro Contable,Schema Objects/Attributes/Pagos Contabilizados/Tiempo/Fecha Actualizacion Registro,Anio,ID,number,ANIO_ID,A_V_D_CALENDARIO_FECHA_ACTUALIZACION_REGISTRO,logical_table
6552BCF448F78A81ED38F896CFD164D9,attribute,Anio CAE,,Schema Objects/Attributes/Facturacion Cabecera/Tiempo/Fecha CAE,Anio,ID,number,ANIO_ID,A_V_D_CALENDARIO_FECHA_CAE,logical_table
56DDFA8A421B427E8DCE0D9BBEB6B1A2,attribute,Anio Conciliacion Pago,,Schema Objects/Attributes/Pagos Desconciliados/Tiempo/Fecha Conciliacion Pago,Anio,ID,number,ANIO_ID,A_V_D_CALENDARIO_FECHA_CONCILIACION_PAGO,logical_table
F374FA4D49763B118B4630B89DA050B2,attribute,Anio Creacion Factura,,Schema Objects/Attributes/Facturacion Cabecera/Tiempo/Fecha Creacion,Anio,ID,number,ANIO_ID,A_V_D_CALENDARIO_FECHA_CREACION_FACTURA,logical_table
BF895C354371607E97CE11A5145995CA,attribute,Anio Creacion Pago,,Schema Objects/Attributes/Pagos Detalle/Tiempo/Fecha Creacion Pago,Anio,ID,number,ANIO_ID,A_V_D_CALENDARIO_FECHA_CREACION_PAGO,logical_table
DB8212EC41FCEBA385F682B472E9C346,attribute,Anio de Actividad,Anio original de la actividad / transaccion,Schema Objects/Attributes/Pagos Contabilizados/Tiempo/Fecha Actividad,Anio,ID,number,ANIO_ID,A_V_D_CALENDARIO_FECHA_ACTIVIDAD,logical_table
A5DCC1F84488D023CC8E36BC8BE22849,attribute,Anio de Creacion Registro,Anio de creacion del Registro Contable,Schema Objects/Attributes/Pagos Contabilizados/Tiempo/Fecha Creacion Registro,Anio,ID,number,ANIO_ID,A_V_D_CALENDARIO_FECHA_CREACION_REGISTRO,logical_table
2E1D77654C5EFB07E4D811A5508B4974,attribute,Anio Desconciliacion Pago,,Schema Objects/Attributes/Pagos Desconciliados/Tiempo/Fecha Desconciliacion Pago,Anio,ID,number,ANIO_ID,A_V_D_CALENDARIO_FECHA_DESCONCILIACION_PAGO,logical_table
F8B839D54745BA22C68A96A11107B1B1,attribute,Anio Efectivo Pago,,Schema Objects/Attributes/Pagos Desconciliados/Tiempo/Fecha Efectiva Pago,Anio,ID,number,ANIO_ID,A_V_D_CALENDARIO_FECHA_EFECTIVA_PAGO,logical_table
E489828645B45F34FA3E7B827B6EB210,attribute,Anio Ejecucion Conciliacion,,Schema Objects/Attributes/Pagos Desconciliados/Tiempo/Fecha Ejecucion Conciliacion,Anio,ID,number,ANIO_ID,A_V_D_CALENDARIO_FECHA_EJECUCION_CONCILIACION,logical_table
9A7CDBEB46389B81AE85999C589018B6,attribute,Anio Emision Factura,,Schema Objects/Attributes/Facturacion Cabecera/Tiempo/Fecha Emision,Anio,ID,number,ANIO_ID,A_V_D_CALENDARIO_FECHA_EMISION_FACTURA,logical_table
A210A7DF40413797D24731806C85A36D,attribute,Anio Pago,,Schema Objects/Attributes/Pagos Detalle/Tiempo/Fecha Pago,Anio,ID,number,ANIO_ID,A_V_D_CALENDARIO_FECHA_PAGO,logical_table
C038BE53486423A01F0B8DBF24097451,attribute,Anio Recarga,,Schema Objects/Attributes/Facturacion Cabecera/Tiempo/Fecha Recarga,Anio,ID,number,ANIO_ID,A_V_D_CALENDARIO_FECHA_RECARGA,logical_table
7FB4BBCC4BB7016145CDAF932E788D08,attribute,Anio Vencimiento Factura,,Schema Objects/Attributes/Facturacion Cabecera/Tiempo/Fecha Vencimiento,Anio,ID,number,ANIO_ID,A_V_D_CALENDARIO_FECHA_VENCIMIENTO_FACTURA,logical_table
DCA727BF49168F1E6D05C5BEEC4A9829,attribute,Autoridad Fiscal,,Schema Objects/Attributes/Facturacion Impuestos/Impuesto,ID,ID,number,AUTORIDAD_FISCAL_ID,V_D_AUTORIDAD_FISCAL,logical_table
DCA727BF49168F1E6D05C5BEEC4A9829,attribute,Autoridad Fiscal,,Schema Objects/Attributes/Facturacion Impuestos/Impuesto,ID,ID,number,AUTORIDAD_FISCAL_ID,V_D_TIPO_IMPUESTO,logical_table
DCA727BF49168F1E6D05C5BEEC4A9829,attribute,Autoridad Fiscal,,Schema Objects/Attributes/Facturacion Impuestos/Impuesto,Codigo,CODIGO,text,AUTORIDAD_FISCAL_CD,V_D_AUTORIDAD_FISCAL,logical_table
DCA727BF49168F1E6D05C5BEEC4A9829,attribute,Autoridad Fiscal,,Schema Objects/Attributes/Facturacion Impuestos/Impuesto,Descripcion,DESC,text,AUTORIDAD_FISCAL_DE,V_D_AUTORIDAD_FISCAL,logical_table
71F56CFC4C335086115B2DB141D88356,attribute,Banco,,Schema Objects/Attributes/Pagos Detalle/Pago,ID,ID,number,BANCO_ID,V_D_BANCO,logical_table
71F56CFC4C335086115B2DB141D88356,attribute,Banco,,Schema Objects/Attributes/Pagos Detalle/Pago,ID,ID,number,BANCO_ID,V_F_TR_COBROS_DETALLE_D,logical_table
71F56CFC4C335086115B2DB141D88356,attribute,Banco,,Schema Objects/Attributes/Pagos Detalle/Pago,Descripcion,DESC,text,BANCO_DE,V_D_BANCO,logical_table
71F56CFC4C335086115B2DB141D88356,attribute,Banco,,Schema Objects/Attributes/Pagos Detalle/Pago,Codigo,CODIGO,text,BANCO_CD,V_D_BANCO,logical_table
8C01FF59488F063BE4EB85BA31946590,attribute,Canal,,Schema Objects/Attributes/Facturacion Cabecera,ID,ID,number,CANAL_ID,V_D_CANAL,logical_table
8C01FF59488F063BE4EB85BA31946590,attribute,Canal,,Schema Objects/Attributes/Facturacion Cabecera,ID,ID,number,CANAL_ID,V_F_TR_FACTURACION_CABECERA_D,logical_table
8C01FF59488F063BE4EB85BA31946590,attribute,Canal,,Schema Objects/Attributes/Facturacion Cabecera,Codigo,CODIGO,text,CANAL_CD,V_D_CANAL,logical_table
8C01FF59488F063BE4EB85BA31946590,attribute,Canal,,Schema Objects/Attributes/Facturacion Cabecera,Descripcion,DESC,text,CANAL_DE,V_D_CANAL,logical_table
8C01FF59488F063BE4EB85BA31946590,attribute,Canal,,Schema Objects/Attributes/Facturacion Cabecera,Codigo SAP,Canal None,text,CANAL_SAP_CD,V_D_CANAL,logical_table
8C01FF59488F063BE4EB85BA31946590,attribute,Canal,,Schema Objects/Attributes/Facturacion Cabecera,Numero SAP,Canal None (1),text,CANAL_SAP_NR,V_D_CANAL,logical_table
A55EAEDA4AF837C5AC4AE1BA526EA3C6,attribute,Cargo Facturacion,,Schema Objects/Attributes/Facturacion Detalle/Cargo Facturacion,ID,ID,number,CARGO_FACTURACION_ID,V_D_CARGO_FACTURACION,logical_table
A55EAEDA4AF837C5AC4AE1BA526EA3C6,attribute,Cargo Facturacion,,Schema Objects/Attributes/Facturacion Detalle/Cargo Facturacion,ID,ID,number,CARGO_FACTURACION_ID,V_F_AG_FACTURACION_DETALLE_01_D,logical_table
A55EAEDA4AF837C5AC4AE1BA526EA3C6,attribute,Cargo Facturacion,,Schema Objects/Attributes/Facturacion Detalle/Cargo Facturacion,ID,ID,number,CARGO_FACTURACION_ID,V_F_TR_FACTURACION_DETALLE_D,logical_table
A55EAEDA4AF837C5AC4AE1BA526EA3C6,attribute,Cargo Facturacion,,Schema Objects/Attributes/Facturacion Detalle/Cargo Facturacion,ID,ID,number,CARGO_FACTURACION_ID,V_F_TR_FACTURACION_IMPUESTOS_D,logical_table
A55EAEDA4AF837C5AC4AE1BA526EA3C6,attribute,Cargo Facturacion,,Schema Objects/Attributes/Facturacion Detalle/Cargo Facturacion,Codigo,CODIGO,text,CARGO_FACTURACION_CD,V_D_CARGO_FACTURACION,logical_table
A55EAEDA4AF837C5AC4AE1BA526EA3C6,attribute,Cargo Facturacion,,Schema Objects/Attributes/Facturacion Detalle/Cargo Facturacion,Descripcion,DESC,text,CARGO_FACTURACION_DE,V_D_CARGO_FACTURACION,logical_table
4BD6BEBE4FD3F0B66798DFB4C7536176,attribute,Categoria Fiscal,,Schema Objects/Attributes/Facturacion Cabecera/Cuenta Financiera,ID,ID,number,CATEGORIA_FISCAL_ID,V_D_CATEGORIA_FISCAL,logical_table
4BD6BEBE4FD3F0B66798DFB4C7536176,attribute,Categoria Fiscal,,Schema Objects/Attributes/Facturacion Cabecera/Cuenta Financiera,ID,ID,number,CATEGORIA_FISCAL_ID,V_D_CUENTA_FINANCIERA,logical_table
4BD6BEBE4FD3F0B66798DFB4C7536176,attribute,Categoria Fiscal,,Schema Objects/Attributes/Facturacion Cabecera/Cuenta Financiera,ID,ID,number,CATEGORIA_FISCAL_ID,V_F_TR_FACTURACION_CABECERA_D,logical_table
4BD6BEBE4FD3F0B66798DFB4C7536176,attribute,Categoria Fiscal,,Schema Objects/Attributes/Facturacion Cabecera/Cuenta Financiera,ID,ID,number,CATEGORIA_FISCAL_ID,V_F_TR_FACTURACION_DETALLE_D,logical_table
4BD6BEBE4FD3F0B66798DFB4C7536176,attribute,Categoria Fiscal,,Schema Objects/Attributes/Facturacion Cabecera/Cuenta Financiera,ID,ID,number,CATEGORIA_FISCAL_ID,V_F_TR_FACTURACION_IMPUESTOS_D,logical_table
4BD6BEBE4FD3F0B66798DFB4C7536176,attribute,Categoria Fiscal,,Schema Objects/Attributes/Facturacion Cabecera/Cuenta Financiera,Codigo,CODIGO,number,CATEGORIA_FISCAL_CD,V_D_CATEGORIA_FISCAL,logical_table
4BD6BEBE4FD3F0B66798DFB4C7536176,attribute,Categoria Fiscal,,Schema Objects/Attributes/Facturacion Cabecera/Cuenta Financiera,Descripcion,DESC,text,CATEGORIA_FISCAL_DE,V_D_CATEGORIA_FISCAL,logical_table
4BD6BEBE4FD3F0B66798DFB4C7536176,attribute,Categoria Fiscal,,Schema Objects/Attributes/Facturacion Cabecera/Cuenta Financiera,Descripcion Corta,DESCRIPCION 2,text,CATEGORIA_FISCAL_REDU_DE,V_D_CATEGORIA_FISCAL,logical_table
8A15FD604270C793D1CB03A179287A05,attribute,Ciclo Facturacion,,Schema Objects/Attributes/Facturacion Cabecera,ID,ID,number,CICLO_FACTURACION_ID,V_D_CICLO_FACTURACION,logical_table
8A15FD604270C793D1CB03A179287A05,attribute,Ciclo Facturacion,,Schema Objects/Attributes/Facturacion Cabecera,ID,ID,number,CICLO_FACTURACION_ID,V_F_AG_FACTURACION_DETALLE_01_D,logical_table
8A15FD604270C793D1CB03A179287A05,attribute,Ciclo Facturacion,,Schema Objects/Attributes/Facturacion Cabecera,ID,ID,number,CICLO_FACTURACION_ID,V_F_TR_FACTURACION_CABECERA_D,logical_table
8A15FD604270C793D1CB03A179287A05,attribute,Ciclo Facturacion,,Schema Objects/Attributes/Facturacion Cabecera,ID,ID,number,CICLO_FACTURACION_ID,V_F_TR_FACTURACION_DETALLE_D,logical_table
8A15FD604270C793D1CB03A179287A05,attribute,Ciclo Facturacion,,Schema Objects/Attributes/Facturacion Cabecera,ID,ID,number,CICLO_FACTURACION_ID,V_F_TR_FACTURACION_IMPUESTOS_D,logical_table
8A15FD604270C793D1CB03A179287A05,attribute,Ciclo Facturacion,,Schema Objects/Attributes/Facturacion Cabecera,Ciclo Facturacion,CODIGO,number,CICLO_FACTURACION_CD,V_D_CICLO_FACTURACION,logical_table
82CDE62B4E0EA2ECBD4A7D84B0357183,attribute,Cliente,,Schema Objects/Attributes/Facturacion Cabecera/Cliente,ID,ID,number,CLIENTE_ID,V_D_CLIENTE,logical_table
82CDE62B4E0EA2ECBD4A7D84B0357183,attribute,Cliente,,Schema Objects/Attributes/Facturacion Cabecera/Cliente,ID,ID,number,CLIENTE_ID,V_D_CUENTA_FINANCIERA,logical_table
82CDE62B4E0EA2ECBD4A7D84B0357183,attribute,Cliente,,Schema Objects/Attributes/Facturacion Cabecera/Cliente,Codigo,CODIGO,number,CLIENTE_CD,V_D_CLIENTE,logical_table
82CDE62B4E0EA2ECBD4A7D84B0357183,attribute,Cliente,,Schema Objects/Attributes/Facturacion Cabecera/Cliente,Descripcion,DESC,text,CLIENTE_DE,V_D_CLIENTE,logical_table
77666EA340B39D7AB61749AC37442B5F,attribute,Codigo Autorizacion Tarjeta de Credito,,Schema Objects/Attributes/Pagos Detalle/Pago/Tarjeta de Credito,Codigo Autorizacion Tarjeta de Credito,ID,text,AUTORIZACION_TC_CD,V_F_TR_COBROS_DETALLE_D,logical_table
E1E55DC248640B9BF28D69BE1EE23D6C,attribute,Codigo Cliente,,Schema Objects/Attributes/Facturacion Cabecera/Cliente,Codigo Cliente,CODIGO,number,CLIENTE_CD,V_D_CLIENTE,logical_table
85F9544D4C3AA50F4E60688827DB631E,attribute,Codigo Impuesto,,Schema Objects/Attributes/Facturacion Detalle/Cargo Facturacion,ID,ID,number,CODIGO_IMPUESTO_ID,V_D_CARGO_FACTURACION,logical_table
85F9544D4C3AA50F4E60688827DB631E,attribute,Codigo Impuesto,,Schema Objects/Attributes/Facturacion Detalle/Cargo Facturacion,ID,ID,number,CODIGO_IMPUESTO_ID,V_D_CODIGO_IMPUESTO,logical_table
85F9544D4C3AA50F4E60688827DB631E,attribute,Codigo Impuesto,,Schema Objects/Attributes/Facturacion Detalle/Cargo Facturacion,Codigo,CODIGO,text,CODIGO_IMPUESTO_CD,V_D_CODIGO_IMPUESTO,logical_table
85F9544D4C3AA50F4E60688827DB631E,attribute,Codigo Impuesto,,Schema Objects/Attributes/Facturacion Detalle/Cargo Facturacion,Descripcion,DESC,text,CODIGO_IMPUESTO_DE,V_D_CODIGO_IMPUESTO,logical_table
AD732DF34EBF7064933E4FBA73B4BDC4,attribute,Codigo Pago,,Schema Objects/Attributes/Pagos Detalle/Pago,Codigo de Pago,ID,number,PAGO_CD,V_F_TR_COBROS_DETALLE_D,logical_table
AD732DF34EBF7064933E4FBA73B4BDC4,attribute,Codigo Pago,,Schema Objects/Attributes/Pagos Detalle/Pago,Codigo de Pago,ID,number,PAGO_CD,V_F_TR_DESCONCILIACION_PAGOS_D,logical_table
FBC2F52246EDA69C5B257999790C9D82,attribute,Codigo Pago Univoco,,Schema Objects/Attributes/Pagos Desconciliados,Codigo Pago Unico,Codigo Pago Univoco None,text,PAGO_UNIVOCO_CD,V_F_TR_DESCONCILIACION_PAGOS_D,logical_table
31C7B2FC4C79C9010B470C8BB6D6F72C,attribute,Codigo Postal Cargo,,Schema Objects/Attributes/Facturacion Detalle/Cargo Facturacion,Codigo Postal Cargo,CODIGO,text,CODIGO_POSTAL_CARGO_CD,V_F_TR_FACTURACION_DETALLE_D,logical_table
31C7B2FC4C79C9010B470C8BB6D6F72C,attribute,Codigo Postal Cargo,,Schema Objects/Attributes/Facturacion Detalle/Cargo Facturacion,Codigo Postal Cargo,CODIGO,text,CODIGO_POSTAL_CARGO_CD,V_F_TR_FACTURACION_IMPUESTOS_D,logical_table
B025E4C541E4D270D02FC18D969508E7,attribute,Comprobante Relacionado,,Schema Objects/Attributes/Facturacion Detalle,Comprobante Relacionado,CODIGO,number,COMPROBANTE_RELACIONADO_CD,V_F_TR_FACTURACION_DETALLE_D,logical_table
B025E4C541E4D270D02FC18D969508E7,attribute,Comprobante Relacionado,,Schema Objects/Attributes/Facturacion Detalle,Comprobante Relacionado,CODIGO,number,COMPROBANTE_RELACIONADO_CD,V_F_TR_FACTURACION_IMPUESTOS_D,logical_table
0015315240BC1768E231958220F91C0D,attribute,Cuenta Contable,,Schema Objects/Attributes/Facturacion Detalle,ID,ID,number,CUENTA_CONTABLE_ID,V_D_CUENTA_CONTABLE,logical_table
0015315240BC1768E231958220F91C0D,attribute,Cuenta Contable,,Schema Objects/Attributes/Facturacion Detalle,ID,ID,number,CUENTA_CONTABLE_ID,V_F_AG_FACTURACION_DETALLE_01_D,logical_table
0015315240BC1768E231958220F91C0D,attribute,Cuenta Contable,,Schema Objects/Attributes/Facturacion Detalle,ID,ID,number,CUENTA_CONTABLE_ID,V_F_TR_COBROS_DETALLE_D,logical_table
0015315240BC1768E231958220F91C0D,attribute,Cuenta Contable,,Schema Objects/Attributes/Facturacion Detalle,ID,ID,number,CUENTA_CONTABLE_ID,V_F_TR_FACTURACION_DETALLE_D,logical_table
0015315240BC1768E231958220F91C0D,attribute,Cuenta Contable,,Schema Objects/Attributes/Facturacion Detalle,ID,ID,number,CUENTA_CONTABLE_ID,V_F_TR_FACTURACION_IMPUESTOS_D,logical_table
0015315240BC1768E231958220F91C0D,attribute,Cuenta Contable,,Schema Objects/Attributes/Facturacion Detalle,ID,ID,number,CUENTA_CONTABLE_ID,V_F_TR_PAGOS_CONTABILIZADOS_D,logical_table
0015315240BC1768E231958220F91C0D,attribute,Cuenta Contable,,Schema Objects/Attributes/Facturacion Detalle,Codigo,CODIGO,text,CUENTA_CONTABLE_CD,V_D_CUENTA_CONTABLE,logical_table
0015315240BC1768E231958220F91C0D,attribute,Cuenta Contable,,Schema Objects/Attributes/Facturacion Detalle,Descripcion,DESC,text,CUENTA_CONTABLE_DE,V_D_CUENTA_CONTABLE,logical_table
A57B585B4B33525650AD17AAB3FEFE7C,attribute,Cuenta Contable Cancelacion,,Schema Objects/Attributes/Pagos Detalle,ID,ID,number,CUENTA_CONTABLE_CANCELACION_ID,V_F_TR_COBROS_DETALLE_D,logical_table
A57B585B4B33525650AD17AAB3FEFE7C,attribute,Cuenta Contable Cancelacion,,Schema Objects/Attributes/Pagos Detalle,ID,ID,number,CUENTA_CONTABLE_ID,A_V_D_CUENTA_CONTABLE_CANCELACION,logical_table
A57B585B4B33525650AD17AAB3FEFE7C,attribute,Cuenta Contable Cancelacion,,Schema Objects/Attributes/Pagos Detalle,Descripcion,DESC,text,CUENTA_CONTABLE_DE,A_V_D_CUENTA_CONTABLE_CANCELACION,logical_table
A57B585B4B33525650AD17AAB3FEFE7C,attribute,Cuenta Contable Cancelacion,,Schema Objects/Attributes/Pagos Detalle,Codigo,CODIGO,text,CUENTA_CONTABLE_CD,A_V_D_CUENTA_CONTABLE_CANCELACION,logical_table
D22D0C3A4D314223E5EBF3BA9455A88A,attribute,Cuenta Financiera,,Schema Objects/Attributes/Facturacion Cabecera/Cuenta Financiera,ID,ID,number,CUENTA_FINANCIERA_ID,V_D_CUENTA_FINANCIERA,logical_table
D22D0C3A4D314223E5EBF3BA9455A88A,attribute,Cuenta Financiera,,Schema Objects/Attributes/Facturacion Cabecera/Cuenta Financiera,ID,ID,number,CUENTA_FINANCIERA_ID,V_F_TR_COBROS_DETALLE_D,logical_table
D22D0C3A4D314223E5EBF3BA9455A88A,attribute,Cuenta Financiera,,Schema Objects/Attributes/Facturacion Cabecera/Cuenta Financiera,ID,ID,number,CUENTA_FINANCIERA_ID,V_F_TR_DESCONCILIACION_PAGOS_D,logical_table
D22D0C3A4D314223E5EBF3BA9455A88A,attribute,Cuenta Financiera,,Schema Objects/Attributes/Facturacion Cabecera/Cuenta Financiera,ID,ID,number,CUENTA_FINANCIERA_ID,V_F_TR_FACTURACION_CABECERA_D,logical_table
D22D0C3A4D314223E5EBF3BA9455A88A,attribute,Cuenta Financiera,,Schema Objects/Attributes/Facturacion Cabecera/Cuenta Financiera,ID,ID,number,CUENTA_FINANCIERA_ID,V_F_TR_FACTURACION_DETALLE_D,logical_table
D22D0C3A4D314223E5EBF3BA9455A88A,attribute,Cuenta Financiera,,Schema Objects/Attributes/Facturacion Cabecera/Cuenta Financiera,ID,ID,number,CUENTA_FINANCIERA_ID,V_F_TR_FACTURACION_IMPUESTOS_D,logical_table
D22D0C3A4D314223E5EBF3BA9455A88A,attribute,Cuenta Financiera,,Schema Objects/Attributes/Facturacion Cabecera/Cuenta Financiera,Codigo Cuenta Financiera,CODIGO,number,CUENTA_FINANCIERA_CD,V_D_CUENTA_FINANCIERA,logical_table
AA5EAD83476AA9F2086E8DB7BD25C8EE,attribute,Dia Anio CAE,,Schema Objects/Attributes/Facturacion Cabecera/Tiempo/Fecha CAE,ID,ID,number,DIA_ANIO_ID,A_V_D_CALENDARIO_FECHA_CAE,logical_table
AA5EAD83476AA9F2086E8DB7BD25C8EE,attribute,Dia Anio CAE,,Schema Objects/Attributes/Facturacion Cabecera/Tiempo/Fecha CAE,ID,ID,number,DIA_ANIO_ID,A_V_D_DIA_ANIO_FECHA_CAE,logical_table
AA5EAD83476AA9F2086E8DB7BD25C8EE,attribute,Dia Anio CAE,,Schema Objects/Attributes/Facturacion Cabecera/Tiempo/Fecha CAE,CODIGO,CODIGO,number,DIA_ANIO_NR,A_V_D_DIA_ANIO_FECHA_CAE,logical_table
ECB8BB7D4FD84FA8752A9C9194271278,attribute,Dia Anio Creacion Factura,,Schema Objects/Attributes/Facturacion Cabecera/Tiempo/Fecha Creacion,ID,ID,number,DIA_ANIO_ID,A_V_D_CALENDARIO_FECHA_CREACION_FACTURA,logical_table
ECB8BB7D4FD84FA8752A9C9194271278,attribute,Dia Anio Creacion Factura,,Schema Objects/Attributes/Facturacion Cabecera/Tiempo/Fecha Creacion,ID,ID,number,DIA_ANIO_ID,A_V_D_DIA_ANIO_FECHA_CREACION_FACTURA,logical_table
ECB8BB7D4FD84FA8752A9C9194271278,attribute,Dia Anio Creacion Factura,,Schema Objects/Attributes/Facturacion Cabecera/Tiempo/Fecha Creacion,CODIGO,CODIGO,number,DIA_ANIO_NR,A_V_D_DIA_ANIO_FECHA_CREACION_FACTURA,logical_table
199C203F4F04ED5B39126896EF8ACBEB,attribute,Dia Anio Emision Factura,,Schema Objects/Attributes/Facturacion Cabecera/Tiempo/Fecha Emision,ID,ID,number,DIA_ANIO_ID,A_V_D_CALENDARIO_FECHA_EMISION_FACTURA,logical_table
199C203F4F04ED5B39126896EF8ACBEB,attribute,Dia Anio Emision Factura,,Schema Objects/Attributes/Facturacion Cabecera/Tiempo/Fecha Emision,ID,ID,number,DIA_ANIO_ID,A_V_D_DIA_ANIO_FECHA_EMISION_FACTURA,logical_table
199C203F4F04ED5B39126896EF8ACBEB,attribute,Dia Anio Emision Factura,,Schema Objects/Attributes/Facturacion Cabecera/Tiempo/Fecha Emision,CODIGO,CODIGO,number,DIA_ANIO_NR,A_V_D_DIA_ANIO_FECHA_EMISION_FACTURA,logical_table
E741CA284D6820C6EBFF1A8BCA2D337A,attribute,Dia Anio Recarga,,Schema Objects/Attributes/Facturacion Cabecera/Tiempo/Fecha Recarga,ID,ID,number,DIA_ANIO_ID,A_V_D_CALENDARIO_FECHA_RECARGA,logical_table
E741CA284D6820C6EBFF1A8BCA2D337A,attribute,Dia Anio Recarga,,Schema Objects/Attributes/Facturacion Cabecera/Tiempo/Fecha Recarga,ID,ID,number,DIA_ANIO_ID,A_V_D_DIA_ANIO_FECHA_RECARGA,logical_table
E741CA284D6820C6EBFF1A8BCA2D337A,attribute,Dia Anio Recarga,,Schema Objects/Attributes/Facturacion Cabecera/Tiempo/Fecha Recarga,CODIGO,CODIGO,number,DIA_ANIO_NR,A_V_D_DIA_ANIO_FECHA_RECARGA,logical_table
051D9B7A447F11430E8FD9A2F0805326,attribute,Dia Anio Vencimiento Factura,,Schema Objects/Attributes/Facturacion Cabecera/Tiempo/Fecha Vencimiento,ID,ID,number,DIA_ANIO_ID,A_V_D_CALENDARIO_FECHA_VENCIMIENTO_FACTURA,logical_table
051D9B7A447F11430E8FD9A2F0805326,attribute,Dia Anio Vencimiento Factura,,Schema Objects/Attributes/Facturacion Cabecera/Tiempo/Fecha Vencimiento,ID,ID,number,DIA_ANIO_ID,A_V_D_DIA_ANIO_FECHA_VENCIMIENTO_FACTURA,logical_table
051D9B7A447F11430E8FD9A2F0805326,attribute,Dia Anio Vencimiento Factura,,Schema Objects/Attributes/Facturacion Cabecera/Tiempo/Fecha Vencimiento,CODIGO,CODIGO,number,DIA_ANIO_NR,A_V_D_DIA_ANIO_FECHA_VENCIMIENTO_FACTURA,logical_table
85C0026A43E9C0243754D393B2DB21A5,attribute,Dia Mes CAE,,Schema Objects/Attributes/Facturacion Cabecera/Tiempo/Fecha CAE,ID,ID,number,DIA_MES_ID,A_V_D_CALENDARIO_FECHA_CAE,logical_table
85C0026A43E9C0243754D393B2DB21A5,attribute,Dia Mes CAE,,Schema Objects/Attributes/Facturacion Cabecera/Tiempo/Fecha CAE,ID,ID,number,DIA_MES_ID,A_V_D_DIA_MES_FECHA_CAE,logical_table
85C0026A43E9C0243754D393B2DB21A5,attribute,Dia Mes CAE,,Schema Objects/Attributes/Facturacion Cabecera/Tiempo/Fecha CAE,CODIGO,CODIGO,number,DIA_MES_NR,A_V_D_DIA_MES_FECHA_CAE,logical_table
C0174D7D49FF611A6E096A8C43580ED0,attribute,Dia Mes Creacion Factura,,Schema Objects/Attributes/Facturacion Cabecera/Tiempo/Fecha Creacion,ID,ID,number,DIA_MES_ID,A_V_D_CALENDARIO_FECHA_CREACION_FACTURA,logical_table
C0174D7D49FF611A6E096A8C43580ED0,attribute,Dia Mes Creacion Factura,,Schema Objects/Attributes/Facturacion Cabecera/Tiempo/Fecha Creacion,ID,ID,number,DIA_MES_ID,A_V_D_DIA_MES_FECHA_CREACION_FACTURA,logical_table
C0174D7D49FF611A6E096A8C43580ED0,attribute,Dia Mes Creacion Factura,,Schema Objects/Attributes/Facturacion Cabecera/Tiempo/Fecha Creacion,CODIGO,CODIGO,number,DIA_MES_NR,A_V_D_DIA_MES_FECHA_CREACION_FACTURA,logical_table
032020024C550AECC0037DA1FDD63D11,attribute,Dia Mes Emision Factura,,Schema Objects/Attributes/Facturacion Cabecera/Tiempo/Fecha Emision,ID,ID,number,DIA_MES_ID,A_V_D_CALENDARIO_FECHA_EMISION_FACTURA,logical_table
032020024C550AECC0037DA1FDD63D11,attribute,Dia Mes Emision Factura,,Schema Objects/Attributes/Facturacion Cabecera/Tiempo/Fecha Emision,ID,ID,number,DIA_MES_ID,A_V_D_DIA_MES_FECHA_EMISION_FACTURA,logical_table
032020024C550AECC0037DA1FDD63D11,attribute,Dia Mes Emision Factura,,Schema Objects/Attributes/Facturacion Cabecera/Tiempo/Fecha Emision,CODIGO,CODIGO,number,DIA_MES_NR,A_V_D_DIA_MES_FECHA_EMISION_FACTURA,logical_table
8A75871D497601E96C1B98A4A6252DC7,attribute,Dia Mes Recarga,,Schema Objects/Attributes/Facturacion Cabecera/Tiempo/Fecha Recarga,ID,ID,number,DIA_MES_ID,A_V_D_CALENDARIO_FECHA_RECARGA,logical_table
8A75871D497601E96C1B98A4A6252DC7,attribute,Dia Mes Recarga,,Schema Objects/Attributes/Facturacion Cabecera/Tiempo/Fecha Recarga,ID,ID,number,DIA_MES_ID,A_V_D_DIA_MES_FECHA_RECARGA,logical_table
8A75871D497601E96C1B98A4A6252DC7,attribute,Dia Mes Recarga,,Schema Objects/Attributes/Facturacion Cabecera/Tiempo/Fecha Recarga,CODIGO,CODIGO,number,DIA_MES_NR,A_V_D_DIA_MES_FECHA_RECARGA,logical_table
F2FB4E364B439CE6FF0B3DB6D24745A2,attribute,Dia Mes Vencimiento Factura,,Schema Objects/Attributes/Facturacion Cabecera/Tiempo/Fecha Vencimiento,ID,ID,number,DIA_MES_ID,A_V_D_CALENDARIO_FECHA_VENCIMIENTO_FACTURA,logical_table
F2FB4E364B439CE6FF0B3DB6D24745A2,attribute,Dia Mes Vencimiento Factura,,Schema Objects/Attributes/Facturacion Cabecera/Tiempo/Fecha Vencimiento,ID,ID,number,DIA_MES_ID,A_V_D_DIA_MES_FECHA_VENCIMIENTO_FACTURA,logical_table
F2FB4E364B439CE6FF0B3DB6D24745A2,attribute,Dia Mes Vencimiento Factura,,Schema Objects/Attributes/Facturacion Cabecera/Tiempo/Fecha Vencimiento,CODIGO,CODIGO,number,DIA_MES_NR,A_V_D_DIA_MES_FECHA_VENCIMIENTO_FACTURA,logical_table
935994B34E4B7E77E08F89A8F40F3E90,attribute,Documento Cuenta,,Schema Objects/Attributes/Facturacion Cabecera/Cuenta Financiera,Documento Cuenta,DESC,text,DOCUMENTO_CUENTA_NR,V_D_CUENTA_FINANCIERA,logical_table
BB1259794C3F9B87DDCB19A8E428E32D,attribute,Empresa Grupo SAP,,Schema Objects/Attributes/Facturacion Cabecera,ID,ID,number,EMPRESA_GRUPO_SAP_ID,V_D_EMPRESA_GRUPO_SAP,logical_table
BB1259794C3F9B87DDCB19A8E428E32D,attribute,Empresa Grupo SAP,,Schema Objects/Attributes/Facturacion Cabecera,ID,ID,number,EMPRESA_GRUPO_SAP_ID,V_F_TR_FACTURACION_CABECERA_D,logical_table
BB1259794C3F9B87DDCB19A8E428E32D,attribute,Empresa Grupo SAP,,Schema Objects/Attributes/Facturacion Cabecera,Codigo,CODIGO,text,EMPRESA_GRUPO_SAP_CD,V_D_EMPRESA_GRUPO_SAP,logical_table
BB1259794C3F9B87DDCB19A8E428E32D,attribute,Empresa Grupo SAP,,Schema Objects/Attributes/Facturacion Cabecera,CUIT,Empresa Grupo SAP None,text,CUIT_NR,V_D_EMPRESA_GRUPO_SAP,logical_table
4686E27C437336948981928E19E5B300,attribute,Empresa Seguridad,Prueba Empresa Seguridad,Schema Objects/Attributes/Facturacion Cabecera/Cliente,ID,ID,number,EMPRESA_ID,V_D_EMPRESA,logical_table
4686E27C437336948981928E19E5B300,attribute,Empresa Seguridad,Prueba Empresa Seguridad,Schema Objects/Attributes/Facturacion Cabecera/Cliente,ID,ID,number,EMPRESA_ID,V_D_SUB_TIPO_CLIENTE,logical_table
4686E27C437336948981928E19E5B300,attribute,Empresa Seguridad,Prueba Empresa Seguridad,Schema Objects/Attributes/Facturacion Cabecera/Cliente,Descripcion,DESC,text,EMPRESA_DE,V_D_EMPRESA,logical_table
BD442D86419E85D61090E8AAA0D7AF51,attribute,Entidad Origen Pago,,Schema Objects/Attributes/Pagos Desconciliados,ID,ID,number,ENTIDAD_ORIGEN_ID,V_D_ENTIDAD_ORIGEN,logical_table
BD442D86419E85D61090E8AAA0D7AF51,attribute,Entidad Origen Pago,,Schema Objects/Attributes/Pagos Desconciliados,ID,ID,number,ENTIDAD_ORIGEN_ID,V_F_TR_DESCONCILIACION_PAGOS_D,logical_table
BD442D86419E85D61090E8AAA0D7AF51,attribute,Entidad Origen Pago,,Schema Objects/Attributes/Pagos Desconciliados,Codigo,CODIGO,text,ENTIDAD_ORIGEN_CD,V_D_ENTIDAD_ORIGEN,logical_table
BD442D86419E85D61090E8AAA0D7AF51,attribute,Entidad Origen Pago,,Schema Objects/Attributes/Pagos Desconciliados,Descripcion,DESC,text,ENTIDAD_ORIGEN_DE,V_D_ENTIDAD_ORIGEN,logical_table
365FE35747A8227A7D0732848E2FB9E9,attribute,Estado Comprobante,,Schema Objects/Attributes/Facturacion Cabecera,ID,ID,number,ESTADO_COMPROBANTE_ID,V_D_ESTADO_COMPROBANTE,logical_table
365FE35747A8227A7D0732848E2FB9E9,attribute,Estado Comprobante,,Schema Objects/Attributes/Facturacion Cabecera,ID,ID,number,ESTADO_COMPROBANTE_ID,V_F_TR_FACTURACION_CABECERA_D,logical_table
365FE35747A8227A7D0732848E2FB9E9,attribute,Estado Comprobante,,Schema Objects/Attributes/Facturacion Cabecera,Codigo,CODIGO,text,ESTADO_COMPROBANTE_CD,V_D_ESTADO_COMPROBANTE,logical_table
365FE35747A8227A7D0732848E2FB9E9,attribute,Estado Comprobante,,Schema Objects/Attributes/Facturacion Cabecera,Descripcion,DESC,text,ESTADO_COMPROBANTE_DE,V_D_ESTADO_COMPROBANTE,logical_table
4D2A148342B0B0797038EABF4EEA2095,attribute,Estado Cuenta Financiera,,Schema Objects/Attributes/Facturacion Cabecera/Cuenta Financiera,ID,ID,number,ESTADO_CUENTA_FINANCIERA_ID,V_D_CUENTA_FINANCIERA,logical_table
4D2A148342B0B0797038EABF4EEA2095,attribute,Estado Cuenta Financiera,,Schema Objects/Attributes/Facturacion Cabecera/Cuenta Financiera,ID,ID,number,ESTADO_CUENTA_FINANCIERA_ID,V_D_ESTADO_CUENTA_FINANCIERA,logical_table
4D2A148342B0B0797038EABF4EEA2095,attribute,Estado Cuenta Financiera,,Schema Objects/Attributes/Facturacion Cabecera/Cuenta Financiera,Codigo,CODIGO,text,ESTADO_CUENTA_FINANCIERA_CD,V_D_ESTADO_CUENTA_FINANCIERA,logical_table
4D2A148342B0B0797038EABF4EEA2095,attribute,Estado Cuenta Financiera,,Schema Objects/Attributes/Facturacion Cabecera/Cuenta Financiera,Descripcion,DESC,text,ESTADO_CUENTA_FINANCIERA_DE,V_D_ESTADO_CUENTA_FINANCIERA,logical_table
13B0BA614362C4357EDDB08F0491604F,attribute,Estado de Envío Contable,Estado de envio a Sap,Schema Objects/Attributes/Pagos Contabilizados,ID,ID,number,ESTADO_ENVIO_CONTABLE_ID,V_D_ESTADO_ENVIO_CONTABLE,logical_table
13B0BA614362C4357EDDB08F0491604F,attribute,Estado de Envío Contable,Estado de envio a Sap,Schema Objects/Attributes/Pagos Contabilizados,ID,ID,number,ESTADO_ENVIO_CONTABLE_ID,V_F_TR_PAGOS_CONTABILIZADOS_D,logical_table
13B0BA614362C4357EDDB08F0491604F,attribute,Estado de Envío Contable,Estado de envio a Sap,Schema Objects/Attributes/Pagos Contabilizados,Codigo,CODIGO,text,ESTADO_ENVIO_CONTABLE_CD,V_D_ESTADO_ENVIO_CONTABLE,logical_table
13B0BA614362C4357EDDB08F0491604F,attribute,Estado de Envío Contable,Estado de envio a Sap,Schema Objects/Attributes/Pagos Contabilizados,Descripcion,DESC,text,ESTADO_ENVIO_CONTABLE_DE,V_D_ESTADO_ENVIO_CONTABLE,logical_table
842CF82145E9C7AD3C374AB544B8F3D1,attribute,Estado Pase a Perdida,,Schema Objects/Attributes/Facturacion Cabecera/Cuenta Financiera,ID,ID,number,ESTADO_PASE_A_PERDIDA_ID,V_D_CUENTA_FINANCIERA,logical_table
842CF82145E9C7AD3C374AB544B8F3D1,attribute,Estado Pase a Perdida,,Schema Objects/Attributes/Facturacion Cabecera/Cuenta Financiera,ID,ID,number,ESTADO_PASE_A_PERDIDA_ID,V_D_ESTADO_PASE_A_PERDIDA,logical_table
842CF82145E9C7AD3C374AB544B8F3D1,attribute,Estado Pase a Perdida,,Schema Objects/Attributes/Facturacion Cabecera/Cuenta Financiera,Codigo,CODIGO,text,ESTADO_PASE_A_PERDIDA_CD,V_D_ESTADO_PASE_A_PERDIDA,logical_table
842CF82145E9C7AD3C374AB544B8F3D1,attribute,Estado Pase a Perdida,,Schema Objects/Attributes/Facturacion Cabecera/Cuenta Financiera,DESC,DESC,text,ESTADO_PASE_A_PERDIDA_DE,V_D_ESTADO_PASE_A_PERDIDA,logical_table
C45CBA7540C4F55D975FB3AB7D01046C,attribute,Fecha,,Schema Objects/Attributes/Tiempo,ID,ID,date,FECHA_ID,V_D_CALENDARIO,logical_table
C45CBA7540C4F55D975FB3AB7D01046C,attribute,Fecha,,Schema Objects/Attributes/Tiempo,DESC,DESC,date,FECHA_FE,V_D_CALENDARIO,logical_table
8DC4F8A04FCC4A956D3219A43E2B78D3,attribute,Fecha Actualizacion Pago,,Schema Objects/Attributes/Pagos Detalle/Tiempo/Fecha Actualizacion Pago,Fecha,ID,date_time,FECHA_ID,A_V_D_CALENDARIO_FECHA_ACTUALIZACION_PAGO,logical_table
8DC4F8A04FCC4A956D3219A43E2B78D3,attribute,Fecha Actualizacion Pago,,Schema Objects/Attributes/Pagos Detalle/Tiempo/Fecha Actualizacion Pago,Fecha,ID,date_time,FECHA_ACTUALIZACION_PAGO_ID,V_F_TR_COBROS_DETALLE_D,logical_table
8DC4F8A04FCC4A956D3219A43E2B78D3,attribute,Fecha Actualizacion Pago,,Schema Objects/Attributes/Pagos Detalle/Tiempo/Fecha Actualizacion Pago,Descripcion,DESC,date_time,FECHA_FE,A_V_D_CALENDARIO_FECHA_ACTUALIZACION_PAGO,logical_table
C72B28824A6782605B58E3A421E01DDA,attribute,Fecha Actualizacion Registro,Fecha de Actualizacion del registro Contable,Schema Objects/Attributes/Pagos Contabilizados/Tiempo/Fecha Actualizacion Registro,Fecha,ID,date_time,FECHA_ACTUALIZACION_REGISTRO_ID,V_F_TR_PAGOS_CONTABILIZADOS_D,logical_table
C72B28824A6782605B58E3A421E01DDA,attribute,Fecha Actualizacion Registro,Fecha de Actualizacion del registro Contable,Schema Objects/Attributes/Pagos Contabilizados/Tiempo/Fecha Actualizacion Registro,Fecha,ID,date_time,FECHA_ID,A_V_D_CALENDARIO_FECHA_ACTUALIZACION_REGISTRO,logical_table
C72B28824A6782605B58E3A421E01DDA,attribute,Fecha Actualizacion Registro,Fecha de Actualizacion del registro Contable,Schema Objects/Attributes/Pagos Contabilizados/Tiempo/Fecha Actualizacion Registro,Descripcion,DESC,date_time,FECHA_FE,A_V_D_CALENDARIO_FECHA_ACTUALIZACION_REGISTRO,logical_table
EEA62513492657A7ADAAE3AC1428B96E,attribute,Fecha CAE,,Schema Objects/Attributes/Facturacion Cabecera/Tiempo/Fecha CAE,Fecha,ID,date_time,FECHA_CAE_ID,V_F_AG_FACTURACION_DETALLE_01_D,logical_table
EEA62513492657A7ADAAE3AC1428B96E,attribute,Fecha CAE,,Schema Objects/Attributes/Facturacion Cabecera/Tiempo/Fecha CAE,Fecha,ID,date_time,FECHA_CAE_ID,V_F_TR_FACTURACION_CABECERA_D,logical_table
EEA62513492657A7ADAAE3AC1428B96E,attribute,Fecha CAE,,Schema Objects/Attributes/Facturacion Cabecera/Tiempo/Fecha CAE,Fecha,ID,date_time,FECHA_CAE_ID,V_F_TR_FACTURACION_DETALLE_D,logical_table
EEA62513492657A7ADAAE3AC1428B96E,attribute,Fecha CAE,,Schema Objects/Attributes/Facturacion Cabecera/Tiempo/Fecha CAE,Fecha,ID,date_time,FECHA_CAE_ID,V_F_TR_FACTURACION_IMPUESTOS_D,logical_table
EEA62513492657A7ADAAE3AC1428B96E,attribute,Fecha CAE,,Schema Objects/Attributes/Facturacion Cabecera/Tiempo/Fecha CAE,Fecha,ID,date_time,FECHA_ID,A_V_D_CALENDARIO_FECHA_CAE,logical_table
EEA62513492657A7ADAAE3AC1428B96E,attribute,Fecha CAE,,Schema Objects/Attributes/Facturacion Cabecera/Tiempo/Fecha CAE,Descripcion,DESC,date_time,FECHA_FE,A_V_D_CALENDARIO_FECHA_CAE,logical_table
447CB6AB457061F45933E683EA5841C7,attribute,Fecha Conciliacion Pago,,Schema Objects/Attributes/Pagos Desconciliados/Tiempo/Fecha Conciliacion Pago,Fecha,ID,date_time,FECHA_ID,A_V_D_CALENDARIO_FECHA_CONCILIACION_PAGO,logical_table
447CB6AB457061F45933E683EA5841C7,attribute,Fecha Conciliacion Pago,,Schema Objects/Attributes/Pagos Desconciliados/Tiempo/Fecha Conciliacion Pago,Fecha,ID,date_time,FECHA_CONCILIACION_ID,V_F_TR_DESCONCILIACION_PAGOS_D,logical_table
447CB6AB457061F45933E683EA5841C7,attribute,Fecha Conciliacion Pago,,Schema Objects/Attributes/Pagos Desconciliados/Tiempo/Fecha Conciliacion Pago,Descripcion,DESC,date_time,FECHA_FE,A_V_D_CALENDARIO_FECHA_CONCILIACION_PAGO,logical_table
3ADCC8EB4989F927F10BBB8B36574082,attribute,Fecha Creacion Factura,,Schema Objects/Attributes/Facturacion Cabecera/Tiempo/Fecha Creacion,Fecha,ID,date_time,FECHA_ID,A_V_D_CALENDARIO_FECHA_CREACION_FACTURA,logical_table
3ADCC8EB4989F927F10BBB8B36574082,attribute,Fecha Creacion Factura,,Schema Objects/Attributes/Facturacion Cabecera/Tiempo/Fecha Creacion,Fecha,ID,date_time,FECHA_CREACION_FACTURA_ID,V_F_AG_FACTURACION_DETALLE_01_D,logical_table
3ADCC8EB4989F927F10BBB8B36574082,attribute,Fecha Creacion Factura,,Schema Objects/Attributes/Facturacion Cabecera/Tiempo/Fecha Creacion,Fecha,ID,date_time,FECHA_CREACION_FACTURA_ID,V_F_TR_FACTURACION_CABECERA_D,logical_table
3ADCC8EB4989F927F10BBB8B36574082,attribute,Fecha Creacion Factura,,Schema Objects/Attributes/Facturacion Cabecera/Tiempo/Fecha Creacion,Fecha,ID,date_time,FECHA_CREACION_FACTURA_ID,V_F_TR_FACTURACION_DETALLE_D,logical_table
3ADCC8EB4989F927F10BBB8B36574082,attribute,Fecha Creacion Factura,,Schema Objects/Attributes/Facturacion Cabecera/Tiempo/Fecha Creacion,Fecha,ID,date_time,FECHA_CREACION_FACTURA_ID,V_F_TR_FACTURACION_IMPUESTOS_D,logical_table
3ADCC8EB4989F927F10BBB8B36574082,attribute,Fecha Creacion Factura,,Schema Objects/Attributes/Facturacion Cabecera/Tiempo/Fecha Creacion,Descripcion,DESC,date_time,FECHA_FE,A_V_D_CALENDARIO_FECHA_CREACION_FACTURA,logical_table
5B044DA4444D8B80F5468D93883B175F,attribute,Fecha Creacion Pago,,Schema Objects/Attributes/Pagos Detalle/Tiempo/Fecha Creacion Pago,Fecha,ID,date_time,FECHA_CREACION_PAGO_ID,V_F_TR_COBROS_DETALLE_D,logical_table
5B044DA4444D8B80F5468D93883B175F,attribute,Fecha Creacion Pago,,Schema Objects/Attributes/Pagos Detalle/Tiempo/Fecha Creacion Pago,Fecha,ID,date_time,FECHA_ID,A_V_D_CALENDARIO_FECHA_CREACION_PAGO,logical_table
5B044DA4444D8B80F5468D93883B175F,attribute,Fecha Creacion Pago,,Schema Objects/Attributes/Pagos Detalle/Tiempo/Fecha Creacion Pago,Descripcion,DESC,date_time,FECHA_FE,A_V_D_CALENDARIO_FECHA_CREACION_PAGO,logical_table
A18A2B6548763B3ACA9E7AB4D10918AD,attribute,Fecha de Actividad,Fecha original de la actividad / transaccion,Schema Objects/Attributes/Pagos Contabilizados/Tiempo/Fecha Actividad,Fecha,ID,date_time,FECHA_ID,A_V_D_CALENDARIO_FECHA_ACTIVIDAD,logical_table
A18A2B6548763B3ACA9E7AB4D10918AD,attribute,Fecha de Actividad,Fecha original de la actividad / transaccion,Schema Objects/Attributes/Pagos Contabilizados/Tiempo/Fecha Actividad,Fecha,ID,date_time,FECHA_ACTIVIDAD_ID,V_F_TR_PAGOS_CONTABILIZADOS_D,logical_table
A18A2B6548763B3ACA9E7AB4D10918AD,attribute,Fecha de Actividad,Fecha original de la actividad / transaccion,Schema Objects/Attributes/Pagos Contabilizados/Tiempo/Fecha Actividad,Descripcion,DESC,date_time,FECHA_FE,A_V_D_CALENDARIO_FECHA_ACTIVIDAD,logical_table
3CE9E31F44D7B3613743BF9CE8835622,attribute,Fecha de Creacion Registro,Fecha de creacion del Registro Contable,Schema Objects/Attributes/Pagos Contabilizados/Tiempo/Fecha Creacion Registro,Fecha,ID,date_time,FECHA_ID,A_V_D_CALENDARIO_FECHA_CREACION_REGISTRO,logical_table
3CE9E31F44D7B3613743BF9CE8835622,attribute,Fecha de Creacion Registro,Fecha de creacion del Registro Contable,Schema Objects/Attributes/Pagos Contabilizados/Tiempo/Fecha Creacion Registro,Fecha,ID,date_time,FECHA_CREACION_REGISTRO_ID,V_F_TR_PAGOS_CONTABILIZADOS_D,logical_table
3CE9E31F44D7B3613743BF9CE8835622,attribute,Fecha de Creacion Registro,Fecha de creacion del Registro Contable,Schema Objects/Attributes/Pagos Contabilizados/Tiempo/Fecha Creacion Registro,Descripcion,DESC,date_time,FECHA_FE,A_V_D_CALENDARIO_FECHA_CREACION_REGISTRO,logical_table
CD94268840BC7CB6765755BB8807B1AC,attribute,Fecha Desconciliacion Pago,,Schema Objects/Attributes/Pagos Desconciliados/Tiempo/Fecha Desconciliacion Pago,Fecha,ID,date_time,FECHA_ID,A_V_D_CALENDARIO_FECHA_DESCONCILIACION_PAGO,logical_table
CD94268840BC7CB6765755BB8807B1AC,attribute,Fecha Desconciliacion Pago,,Schema Objects/Attributes/Pagos Desconciliados/Tiempo/Fecha Desconciliacion Pago,Fecha,ID,date_time,FECHA_DESCONCILIACION_ID,V_F_TR_DESCONCILIACION_PAGOS_D,logical_table
CD94268840BC7CB6765755BB8807B1AC,attribute,Fecha Desconciliacion Pago,,Schema Objects/Attributes/Pagos Desconciliados/Tiempo/Fecha Desconciliacion Pago,Descripcion,DESC,date_time,FECHA_FE,A_V_D_CALENDARIO_FECHA_DESCONCILIACION_PAGO,logical_table
C7FE2E6E4EEF374A192590B150AA5396,attribute,Fecha Efectiva Pago,,Schema Objects/Attributes/Pagos Desconciliados/Tiempo/Fecha Efectiva Pago,Fecha,ID,date_time,FECHA_ID,A_V_D_CALENDARIO_FECHA_EFECTIVA_PAGO,logical_table
C7FE2E6E4EEF374A192590B150AA5396,attribute,Fecha Efectiva Pago,,Schema Objects/Attributes/Pagos Desconciliados/Tiempo/Fecha Efectiva Pago,Fecha,ID,date_time,FECHA_EFECTIVA_PAGO_ID,V_F_TR_DESCONCILIACION_PAGOS_D,logical_table
C7FE2E6E4EEF374A192590B150AA5396,attribute,Fecha Efectiva Pago,,Schema Objects/Attributes/Pagos Desconciliados/Tiempo/Fecha Efectiva Pago,Descripcion,DESC,date_time,FECHA_FE,A_V_D_CALENDARIO_FECHA_EFECTIVA_PAGO,logical_table
1E1E310341C94FC8E37E61AD08F7B687,attribute,Fecha Ejecucion Conciliacion,,Schema Objects/Attributes/Pagos Desconciliados/Tiempo/Fecha Ejecucion Conciliacion,Fecha,ID,date_time,FECHA_ID,A_V_D_CALENDARIO_FECHA_EJECUCION_CONCILIACION,logical_table
1E1E310341C94FC8E37E61AD08F7B687,attribute,Fecha Ejecucion Conciliacion,,Schema Objects/Attributes/Pagos Desconciliados/Tiempo/Fecha Ejecucion Conciliacion,Fecha,ID,date_time,FECHA_EJECUCION_ID,V_F_TR_DESCONCILIACION_PAGOS_D,logical_table
1E1E310341C94FC8E37E61AD08F7B687,attribute,Fecha Ejecucion Conciliacion,,Schema Objects/Attributes/Pagos Desconciliados/Tiempo/Fecha Ejecucion Conciliacion,Descripcion,DESC,date_time,FECHA_FE,A_V_D_CALENDARIO_FECHA_EJECUCION_CONCILIACION,logical_table
4B96B7214ED8414B7CD874B0C38043DE,attribute,Fecha Emision Factura,,Schema Objects/Attributes/Facturacion Cabecera/Tiempo/Fecha Emision,Fecha,ID,date_time,FECHA_EMISION_ID,V_F_AG_FACTURACION_DETALLE_01_D,logical_table
4B96B7214ED8414B7CD874B0C38043DE,attribute,Fecha Emision Factura,,Schema Objects/Attributes/Facturacion Cabecera/Tiempo/Fecha Emision,Fecha,ID,date_time,FECHA_EMISION_ID,V_F_TR_FACTURACION_CABECERA_D,logical_table
4B96B7214ED8414B7CD874B0C38043DE,attribute,Fecha Emision Factura,,Schema Objects/Attributes/Facturacion Cabecera/Tiempo/Fecha Emision,Fecha,ID,date_time,FECHA_EMISION_ID,V_F_TR_FACTURACION_DETALLE_D,logical_table
4B96B7214ED8414B7CD874B0C38043DE,attribute,Fecha Emision Factura,,Schema Objects/Attributes/Facturacion Cabecera/Tiempo/Fecha Emision,Fecha,ID,date_time,FECHA_EMISION_ID,V_F_TR_FACTURACION_IMPUESTOS_D,logical_table
4B96B7214ED8414B7CD874B0C38043DE,attribute,Fecha Emision Factura,,Schema Objects/Attributes/Facturacion Cabecera/Tiempo/Fecha Emision,Fecha,ID,date_time,FECHA_ID,A_V_D_CALENDARIO_FECHA_EMISION_FACTURA,logical_table
4B96B7214ED8414B7CD874B0C38043DE,attribute,Fecha Emision Factura,,Schema Objects/Attributes/Facturacion Cabecera/Tiempo/Fecha Emision,Descripcion,DESC,date_time,FECHA_FE,A_V_D_CALENDARIO_FECHA_EMISION_FACTURA,logical_table
B27468D0476CADECAD2D598ED7C8448A,attribute,Fecha Pago,,Schema Objects/Attributes/Pagos Detalle/Tiempo/Fecha Pago,Fecha,ID,date_time,FECHA_ID,A_V_D_CALENDARIO_FECHA_PAGO,logical_table
B27468D0476CADECAD2D598ED7C8448A,attribute,Fecha Pago,,Schema Objects/Attributes/Pagos Detalle/Tiempo/Fecha Pago,Fecha,ID,date_time,FECHA_PAGO_ID,V_F_TR_COBROS_DETALLE_D,logical_table
B27468D0476CADECAD2D598ED7C8448A,attribute,Fecha Pago,,Schema Objects/Attributes/Pagos Detalle/Tiempo/Fecha Pago,Descripcion,DESC,date_time,FECHA_FE,A_V_D_CALENDARIO_FECHA_PAGO,logical_table
ECC4ECF845C9F9BC07E53BA8AA60C237,attribute,Fecha Recarga,,Schema Objects/Attributes/Facturacion Cabecera/Tiempo/Fecha Recarga,Fecha,ID,date_time,FECHA_RECARGA_ID,V_F_TR_FACTURACION_CABECERA_D,logical_table
ECC4ECF845C9F9BC07E53BA8AA60C237,attribute,Fecha Recarga,,Schema Objects/Attributes/Facturacion Cabecera/Tiempo/Fecha Recarga,Fecha,ID,date_time,FECHA_RECARGA_ID,V_F_TR_FACTURACION_DETALLE_D,logical_table
ECC4ECF845C9F9BC07E53BA8AA60C237,attribute,Fecha Recarga,,Schema Objects/Attributes/Facturacion Cabecera/Tiempo/Fecha Recarga,Fecha,ID,date_time,FECHA_RECARGA_ID,V_F_TR_FACTURACION_IMPUESTOS_D,logical_table
ECC4ECF845C9F9BC07E53BA8AA60C237,attribute,Fecha Recarga,,Schema Objects/Attributes/Facturacion Cabecera/Tiempo/Fecha Recarga,Fecha,ID,date_time,FECHA_ID,A_V_D_CALENDARIO_FECHA_RECARGA,logical_table
ECC4ECF845C9F9BC07E53BA8AA60C237,attribute,Fecha Recarga,,Schema Objects/Attributes/Facturacion Cabecera/Tiempo/Fecha Recarga,Descripcion,DESC,date_time,FECHA_FE,A_V_D_CALENDARIO_FECHA_RECARGA,logical_table
29BA21D14EC99EBD5FE80BA1CF155722,attribute,Fecha Vencimiento Factura,,Schema Objects/Attributes/Facturacion Cabecera/Tiempo/Fecha Vencimiento,Fecha,ID,date_time,FECHA_VENCIMIENTO_ID,V_F_AG_FACTURACION_DETALLE_01_D,logical_table
29BA21D14EC99EBD5FE80BA1CF155722,attribute,Fecha Vencimiento Factura,,Schema Objects/Attributes/Facturacion Cabecera/Tiempo/Fecha Vencimiento,Fecha,ID,date_time,FECHA_VENCIMIENTO_ID,V_F_TR_FACTURACION_CABECERA_D,logical_table
29BA21D14EC99EBD5FE80BA1CF155722,attribute,Fecha Vencimiento Factura,,Schema Objects/Attributes/Facturacion Cabecera/Tiempo/Fecha Vencimiento,Fecha,ID,date_time,FECHA_VENCIMIENTO_ID,V_F_TR_FACTURACION_DETALLE_D,logical_table
29BA21D14EC99EBD5FE80BA1CF155722,attribute,Fecha Vencimiento Factura,,Schema Objects/Attributes/Facturacion Cabecera/Tiempo/Fecha Vencimiento,Fecha,ID,date_time,FECHA_VENCIMIENTO_ID,V_F_TR_FACTURACION_IMPUESTOS_D,logical_table
29BA21D14EC99EBD5FE80BA1CF155722,attribute,Fecha Vencimiento Factura,,Schema Objects/Attributes/Facturacion Cabecera/Tiempo/Fecha Vencimiento,Fecha,ID,date_time,FECHA_ID,A_V_D_CALENDARIO_FECHA_VENCIMIENTO_FACTURA,logical_table
29BA21D14EC99EBD5FE80BA1CF155722,attribute,Fecha Vencimiento Factura,,Schema Objects/Attributes/Facturacion Cabecera/Tiempo/Fecha Vencimiento,Descripcion,DESC,date_time,FECHA_FE,A_V_D_CALENDARIO_FECHA_VENCIMIENTO_FACTURA,logical_table
6F9E9738481054866FFC05B10801031C,attribute,Fecha Vencimiento Tarjeta de Credito,,Schema Objects/Attributes/Pagos Detalle/Pago/Tarjeta de Credito,Fecha Vencimiento Tarjeta de Credito,ID,text,FECHA_VENCIMIENTO_TC_ID,V_F_TR_COBROS_DETALLE_D,logical_table
BDC86A104993FC5D74BC7FA99D374D71,attribute,Flag Cancelado T3,,Schema Objects/Attributes/Pagos Desconciliados,ID,ID,number,FLAG_SI_NO_ID,A_V_D_FLAG_CANCELADO_T3,logical_table
BDC86A104993FC5D74BC7FA99D374D71,attribute,Flag Cancelado T3,,Schema Objects/Attributes/Pagos Desconciliados,ID,ID,number,FLAG_CANCELADO_T3_ID,V_F_TR_DESCONCILIACION_PAGOS_D,logical_table
BDC86A104993FC5D74BC7FA99D374D71,attribute,Flag Cancelado T3,,Schema Objects/Attributes/Pagos Desconciliados,Descripcion,DESC,text,FLAG_SI_NO_DE,A_V_D_FLAG_CANCELADO_T3,logical_table
7151986B434D13034801E79A7DAB09E7,attribute,Flag Controladora Fiscal,,Schema Objects/Attributes/Facturacion Cabecera/Punto Emision,ID,ID,number,FLAG_SI_NO_ID,A_V_D_FLAG_CONTROLADORA_FISCAL,logical_table
7151986B434D13034801E79A7DAB09E7,attribute,Flag Controladora Fiscal,,Schema Objects/Attributes/Facturacion Cabecera/Punto Emision,ID,ID,number,FLAG_CONTROLADOR_FISCAL_ID,V_D_PUNTO_EMISION,logical_table
7151986B434D13034801E79A7DAB09E7,attribute,Flag Controladora Fiscal,,Schema Objects/Attributes/Facturacion Cabecera/Punto Emision,DESC,DESC,text,FLAG_SI_NO_DE,A_V_D_FLAG_CONTROLADORA_FISCAL,logical_table
D7DDB733460193059A135B84B5145922,attribute,Flag Excepcion,,Schema Objects/Attributes/Facturacion Impuestos,ID,ID,number,FLAG_SI_NO_ID,A_V_D_FLAG_IMPUESTO_EXCEPCION,logical_table
D7DDB733460193059A135B84B5145922,attribute,Flag Excepcion,,Schema Objects/Attributes/Facturacion Impuestos,ID,ID,number,FLAG_EXCEPCION_ID,V_F_TR_FACTURACION_IMPUESTOS_D,logical_table
D7DDB733460193059A135B84B5145922,attribute,Flag Excepcion,,Schema Objects/Attributes/Facturacion Impuestos,DESC,DESC,text,FLAG_SI_NO_DE,A_V_D_FLAG_IMPUESTO_EXCEPCION,logical_table
A9D3D6DC4098157A8B74069E54C9BC54,attribute,Flag Ignorar Atributo,,Schema Objects/Attributes/Facturacion Detalle,ID,ID,number,FLAG_IGNORAR_ATRIBUTO_ID,V_F_AG_FACTURACION_DETALLE_01_D,logical_table
A9D3D6DC4098157A8B74069E54C9BC54,attribute,Flag Ignorar Atributo,,Schema Objects/Attributes/Facturacion Detalle,ID,ID,number,FLAG_IGNORAR_ATRIBUTO_ID,V_F_TR_FACTURACION_DETALLE_D,logical_table
A9D3D6DC4098157A8B74069E54C9BC54,attribute,Flag Ignorar Atributo,,Schema Objects/Attributes/Facturacion Detalle,ID,ID,number,FLAG_IGNORAR_ATRIBUTO_ID,V_F_TR_FACTURACION_IMPUESTOS_D,logical_table
A9D3D6DC4098157A8B74069E54C9BC54,attribute,Flag Ignorar Atributo,,Schema Objects/Attributes/Facturacion Detalle,ID,ID,number,FLAG_SI_NO_ID,A_V_D_FLAG_IGNORAR_ATRIBUTO,logical_table
A9D3D6DC4098157A8B74069E54C9BC54,attribute,Flag Ignorar Atributo,,Schema Objects/Attributes/Facturacion Detalle,DESC,DESC,text,FLAG_SI_NO_DE,A_V_D_FLAG_IGNORAR_ATRIBUTO,logical_table
688EACE34C1D8A92DDD8DAAF00D68EE6,attribute,Flag Pago Conciliado,,Schema Objects/Attributes/Pagos Desconciliados,ID,ID,number,FLAG_SI_NO_ID,A_V_D_FLAG_PAGO_CONCILIADO,logical_table
688EACE34C1D8A92DDD8DAAF00D68EE6,attribute,Flag Pago Conciliado,,Schema Objects/Attributes/Pagos Desconciliados,ID,ID,number,FLAG_PAGO_CONCILIADO_ID,V_F_TR_DESCONCILIACION_PAGOS_D,logical_table
688EACE34C1D8A92DDD8DAAF00D68EE6,attribute,Flag Pago Conciliado,,Schema Objects/Attributes/Pagos Desconciliados,Descripcion,DESC,text,FLAG_SI_NO_DE,A_V_D_FLAG_PAGO_CONCILIADO,logical_table
42BCAC2645548C32E71F7A9353E591C9,attribute,Flag Registro Error,,Schema Objects/Attributes/Facturacion Detalle,ID,ID,number,FLAG_SI_NO_ID,A_V_D_FLAG_REGISTRO_ERROR,logical_table
42BCAC2645548C32E71F7A9353E591C9,attribute,Flag Registro Error,,Schema Objects/Attributes/Facturacion Detalle,ID,ID,number,FLAG_REGISTRO_ERROR_ID,V_F_AG_FACTURACION_DETALLE_01_D,logical_table
42BCAC2645548C32E71F7A9353E591C9,attribute,Flag Registro Error,,Schema Objects/Attributes/Facturacion Detalle,ID,ID,number,FLAG_REGISTRO_ERROR_ID,V_F_TR_FACTURACION_CABECERA_D,logical_table
42BCAC2645548C32E71F7A9353E591C9,attribute,Flag Registro Error,,Schema Objects/Attributes/Facturacion Detalle,ID,ID,number,FLAG_REGISTRO_ERROR_ID,V_F_TR_FACTURACION_DETALLE_D,logical_table
42BCAC2645548C32E71F7A9353E591C9,attribute,Flag Registro Error,,Schema Objects/Attributes/Facturacion Detalle,ID,ID,number,FLAG_REGISTRO_ERROR_ID,V_F_TR_FACTURACION_IMPUESTOS_D,logical_table
42BCAC2645548C32E71F7A9353E591C9,attribute,Flag Registro Error,,Schema Objects/Attributes/Facturacion Detalle,DESC,DESC,text,FLAG_SI_NO_DE,A_V_D_FLAG_REGISTRO_ERROR,logical_table
BFCCA74545F5C5F87AB4839B0B5782CA,attribute,Flag Reversion,,Schema Objects/Attributes/Facturacion Impuestos,ID,ID,number,FLAG_SI_NO_ID,A_V_D_FLAG_IMPUESTO_REVERSION,logical_table
BFCCA74545F5C5F87AB4839B0B5782CA,attribute,Flag Reversion,,Schema Objects/Attributes/Facturacion Impuestos,ID,ID,number,FLAG_REVERSION_ID,V_F_TR_FACTURACION_IMPUESTOS_D,logical_table
BFCCA74545F5C5F87AB4839B0B5782CA,attribute,Flag Reversion,,Schema Objects/Attributes/Facturacion Impuestos,DESC,DESC,text,FLAG_SI_NO_DE,A_V_D_FLAG_IMPUESTO_REVERSION,logical_table
3BC6C35E4560C0DABF2B59BE7FF84677,attribute,Flag Reversion Pago,,Schema Objects/Attributes/Pagos Detalle/Pago,ID,ID,number,FLAG_REVERSION_PAGO_ID,V_F_TR_COBROS_DETALLE_D,logical_table
3BC6C35E4560C0DABF2B59BE7FF84677,attribute,Flag Reversion Pago,,Schema Objects/Attributes/Pagos Detalle/Pago,ID,ID,number,FLAG_SI_NO_ID,A_V_D_FLAG_REVERSION_PAGO,logical_table
3BC6C35E4560C0DABF2B59BE7FF84677,attribute,Flag Reversion Pago,,Schema Objects/Attributes/Pagos Detalle/Pago,DESC,DESC,text,FLAG_SI_NO_DE,A_V_D_FLAG_REVERSION_PAGO,logical_table
61EE460941AE631F7C66E598D8E7D422,attribute,Flag Usuario Activo,,Schema Objects/Attributes/Facturacion Cabecera/Usuario,ID,ID,number,FLAG_USUARIO_ACTIVO_ID,V_D_USUARIO,logical_table
61EE460941AE631F7C66E598D8E7D422,attribute,Flag Usuario Activo,,Schema Objects/Attributes/Facturacion Cabecera/Usuario,ID,ID,number,FLAG_SI_NO_ID,A_V_D_FLAG_USUARIO_ACTIVO,logical_table
61EE460941AE631F7C66E598D8E7D422,attribute,Flag Usuario Activo,,Schema Objects/Attributes/Facturacion Cabecera/Usuario,DESC,DESC,text,FLAG_SI_NO_DE,A_V_D_FLAG_USUARIO_ACTIVO,logical_table
E774A08841821C7EFDD5FE851B5B587B,attribute,Flag Usuario Bloqueado,,Schema Objects/Attributes/Facturacion Cabecera/Usuario,ID,ID,number,FLAG_USUARIO_BLOQUEADO_ID,V_D_USUARIO,logical_table
E774A08841821C7EFDD5FE851B5B587B,attribute,Flag Usuario Bloqueado,,Schema Objects/Attributes/Facturacion Cabecera/Usuario,ID,ID,number,FLAG_SI_NO_ID,A_V_D_FLAG_USUARIO_BLOQUEADO,logical_table
E774A08841821C7EFDD5FE851B5B587B,attribute,Flag Usuario Bloqueado,,Schema Objects/Attributes/Facturacion Cabecera/Usuario,DESC,DESC,text,FLAG_SI_NO_DE,A_V_D_FLAG_USUARIO_BLOQUEADO,logical_table
0C0F72EB401DC036DBA3249BB1C0FE6E,attribute,Flag Usuario Deshabilitado,,Schema Objects/Attributes/Facturacion Cabecera/Usuario,ID,ID,number,FLAG_USUARIO_DESABILITADO_ID,V_D_USUARIO,logical_table
0C0F72EB401DC036DBA3249BB1C0FE6E,attribute,Flag Usuario Deshabilitado,,Schema Objects/Attributes/Facturacion Cabecera/Usuario,ID,ID,number,FLAG_SI_NO_ID,A_V_D_FLAG_USUARIO_DESHABILITADO,logical_table
0C0F72EB401DC036DBA3249BB1C0FE6E,attribute,Flag Usuario Deshabilitado,,Schema Objects/Attributes/Facturacion Cabecera/Usuario,DESC,DESC,text,FLAG_SI_NO_DE,A_V_D_FLAG_USUARIO_DESHABILITADO,logical_table
4A3CEE31480FD5EF5A1FA49D9BDC4220,attribute,Flag Zona Franca,,Schema Objects/Attributes/Facturacion Detalle,ID,ID,number,FLAG_SI_NO_ID,A_V_D_FLAG_ZONA_FRANCA,logical_table
4A3CEE31480FD5EF5A1FA49D9BDC4220,attribute,Flag Zona Franca,,Schema Objects/Attributes/Facturacion Detalle,ID,ID,number,FLAG_ZONA_FRANCA_ID,V_F_TR_FACTURACION_DETALLE_D,logical_table
4A3CEE31480FD5EF5A1FA49D9BDC4220,attribute,Flag Zona Franca,,Schema Objects/Attributes/Facturacion Detalle,DESC,DESC,text,FLAG_SI_NO_DE,A_V_D_FLAG_ZONA_FRANCA,logical_table
E7167A46483DDDEC09571096A29208BA,attribute,Geografia SAP,,Schema Objects/Attributes/Facturacion Cabecera,ID,ID,number,GEOGRAFIA_SAP_ID,V_D_GEOGRAFIA_SAP,logical_table
E7167A46483DDDEC09571096A29208BA,attribute,Geografia SAP,,Schema Objects/Attributes/Facturacion Cabecera,ID,ID,number,GEOGRAFIA_SAP_ID,V_F_TR_FACTURACION_CABECERA_D,logical_table
E7167A46483DDDEC09571096A29208BA,attribute,Geografia SAP,,Schema Objects/Attributes/Facturacion Cabecera,ID,ID,number,GEOGRAFIA_SAP_CARGO_ID,V_F_TR_FACTURACION_DETALLE_D,logical_table
E7167A46483DDDEC09571096A29208BA,attribute,Geografia SAP,,Schema Objects/Attributes/Facturacion Cabecera,ID,ID,number,GEOGRAFIA_SAP_CARGO_ID,V_F_TR_FACTURACION_IMPUESTOS_D,logical_table
E7167A46483DDDEC09571096A29208BA,attribute,Geografia SAP,,Schema Objects/Attributes/Facturacion Cabecera,Codigo,CODIGO,text,GEOGRAFIA_SAP_CD,V_D_GEOGRAFIA_SAP,logical_table
E7167A46483DDDEC09571096A29208BA,attribute,Geografia SAP,,Schema Objects/Attributes/Facturacion Cabecera,Codigo Provincia,Geografia SAP None,text,CODIGO_PROVINCIA_CD,V_D_GEOGRAFIA_SAP,logical_table
399657104CB68CEB0DC9CDBEBAA1550C,attribute,Grupo Retencion,,Schema Objects/Attributes/Pagos Detalle,ID,ID,number,GRUPO_RETENCION_ID,V_D_GRUPO_RETENCION,logical_table
399657104CB68CEB0DC9CDBEBAA1550C,attribute,Grupo Retencion,,Schema Objects/Attributes/Pagos Detalle,ID,ID,number,GRUPO_RETENCION_ID,V_F_TR_COBROS_DETALLE_D,logical_table
399657104CB68CEB0DC9CDBEBAA1550C,attribute,Grupo Retencion,,Schema Objects/Attributes/Pagos Detalle,Descripcion,DESC,text,GRUPO_RETENCION_DE,V_D_GRUPO_RETENCION,logical_table
399657104CB68CEB0DC9CDBEBAA1550C,attribute,Grupo Retencion,,Schema Objects/Attributes/Pagos Detalle,Codigo,CODIGO,text,GRUPO_RETENCION_CD,V_D_GRUPO_RETENCION,logical_table
C824506444952C090093B391714859BA,attribute,ICCID,,Schema Objects/Attributes/Facturacion Detalle,ICCID,CODIGO,text,ICCID_CD,V_F_TR_FACTURACION_DETALLE_D,logical_table
635EF94846B10674D7F44BA7ACABFF55,attribute,IMEI,,Schema Objects/Attributes/Facturacion Detalle,IMEI,CODIGO,text,IMEI_CD,V_F_TR_FACTURACION_DETALLE_D,logical_table
33C7BBCE49E92BDC01C0BBA659191E14,attribute,Linea Negocio,,Schema Objects/Attributes/Facturacion Cabecera/Cuenta Financiera,ID,ID,number,LINEA_NEGOCIO_ID,V_D_CUENTA_FINANCIERA,logical_table
33C7BBCE49E92BDC01C0BBA659191E14,attribute,Linea Negocio,,Schema Objects/Attributes/Facturacion Cabecera/Cuenta Financiera,ID,ID,number,LINEA_NEGOCIO_ID,V_D_LINEA_NEGOCIO,logical_table
33C7BBCE49E92BDC01C0BBA659191E14,attribute,Linea Negocio,,Schema Objects/Attributes/Facturacion Cabecera/Cuenta Financiera,ID,ID,number,LINEA_NEGOCIO_ID,V_F_AG_FACTURACION_DETALLE_01_D,logical_table
33C7BBCE49E92BDC01C0BBA659191E14,attribute,Linea Negocio,,Schema Objects/Attributes/Facturacion Cabecera/Cuenta Financiera,ID,ID,number,LINEA_NEGOCIO_ID,V_F_TR_COBROS_DETALLE_D,logical_table
33C7BBCE49E92BDC01C0BBA659191E14,attribute,Linea Negocio,,Schema Objects/Attributes/Facturacion Cabecera/Cuenta Financiera,ID,ID,number,LINEA_NEGOCIO_ID,V_F_TR_DESCONCILIACION_PAGOS_D,logical_table
33C7BBCE49E92BDC01C0BBA659191E14,attribute,Linea Negocio,,Schema Objects/Attributes/Facturacion Cabecera/Cuenta Financiera,ID,ID,number,LINEA_NEGOCIO_ID,V_F_TR_FACTURACION_CABECERA_D,logical_table
33C7BBCE49E92BDC01C0BBA659191E14,attribute,Linea Negocio,,Schema Objects/Attributes/Facturacion Cabecera/Cuenta Financiera,ID,ID,number,LINEA_NEGOCIO_ID,V_F_TR_FACTURACION_DETALLE_D,logical_table
33C7BBCE49E92BDC01C0BBA659191E14,attribute,Linea Negocio,,Schema Objects/Attributes/Facturacion Cabecera/Cuenta Financiera,ID,ID,number,LINEA_NEGOCIO_ID,V_F_TR_FACTURACION_IMPUESTOS_D,logical_table
33C7BBCE49E92BDC01C0BBA659191E14,attribute,Linea Negocio,,Schema Objects/Attributes/Facturacion Cabecera/Cuenta Financiera,ID,ID,number,LINEA_NEGOCIO_ID,V_F_TR_PAGOS_CONTABILIZADOS_D,logical_table
33C7BBCE49E92BDC01C0BBA659191E14,attribute,Linea Negocio,,Schema Objects/Attributes/Facturacion Cabecera/Cuenta Financiera,DESC,DESC,text,LINEA_NEGOCIO_DE,V_D_LINEA_NEGOCIO,logical_table
43AB020648EF39BFCDEAE2B35486F0F6,attribute,Linea Producto,,Schema Objects/Attributes/Pagos Detalle,ID,ID,number,LINEA_PRODUCTO_ID,V_D_LINEA_PRODUCTO,logical_table
43AB020648EF39BFCDEAE2B35486F0F6,attribute,Linea Producto,,Schema Objects/Attributes/Pagos Detalle,ID,ID,number,LINEA_PRODUCTO_ID,V_F_TR_COBROS_DETALLE_D,logical_table
43AB020648EF39BFCDEAE2B35486F0F6,attribute,Linea Producto,,Schema Objects/Attributes/Pagos Detalle,Descripcion,DESC,text,LINEA_PRODUCTO_DE,V_D_LINEA_PRODUCTO,logical_table
43AB020648EF39BFCDEAE2B35486F0F6,attribute,Linea Producto,,Schema Objects/Attributes/Pagos Detalle,Codigo,CODIGO,text,LINEA_PRODUCTO_CD,V_D_LINEA_PRODUCTO,logical_table
2740349B4BB98E740415E19BA37C2B16,attribute,Mes,,Schema Objects/Attributes/Tiempo,ID,ID,number,MES_ID,V_D_CALENDARIO,logical_table
2740349B4BB98E740415E19BA37C2B16,attribute,Mes,,Schema Objects/Attributes/Tiempo,ID,ID,number,MES_ID,V_D_MES,logical_table
2740349B4BB98E740415E19BA37C2B16,attribute,Mes,,Schema Objects/Attributes/Tiempo,DESC,DESC,text,MES_DE,V_D_MES,logical_table
E1265C5D4A126BD4D350B090A4CCDE84,attribute,Mes Actualizacion Pago,,Schema Objects/Attributes/Pagos Detalle/Tiempo/Fecha Actualizacion Pago,Anio Mes,ID,number,ANIO_MES_NR,A_V_D_CALENDARIO_FECHA_ACTUALIZACION_PAGO,logical_table
E1265C5D4A126BD4D350B090A4CCDE84,attribute,Mes Actualizacion Pago,,Schema Objects/Attributes/Pagos Detalle/Tiempo/Fecha Actualizacion Pago,Descripcion Anio Mes,DESC,text,ANIO_MES_DE,A_V_D_CALENDARIO_FECHA_ACTUALIZACION_PAGO,logical_table
0CAD8A6F4E8528EC251278AE9A145520,attribute,Mes Actualizacion Registro,Mes de Actualizacion del registro Contable,Schema Objects/Attributes/Pagos Contabilizados/Tiempo/Fecha Actualizacion Registro,Anio Mes,ID,number,ANIO_MES_NR,A_V_D_CALENDARIO_FECHA_ACTUALIZACION_REGISTRO,logical_table
0CAD8A6F4E8528EC251278AE9A145520,attribute,Mes Actualizacion Registro,Mes de Actualizacion del registro Contable,Schema Objects/Attributes/Pagos Contabilizados/Tiempo/Fecha Actualizacion Registro,Descripcion Anio Mes,DESC,text,ANIO_MES_DE,A_V_D_CALENDARIO_FECHA_ACTUALIZACION_REGISTRO,logical_table
B01C19BD438B0B4E3F0BC4B541843C61,attribute,Mes CAE,,Schema Objects/Attributes/Facturacion Cabecera/Tiempo/Fecha CAE,Anio Mes,ID,number,ANIO_MES_NR,A_V_D_CALENDARIO_FECHA_CAE,logical_table
B01C19BD438B0B4E3F0BC4B541843C61,attribute,Mes CAE,,Schema Objects/Attributes/Facturacion Cabecera/Tiempo/Fecha CAE,Descripcion Anio Mes,DESC,text,ANIO_MES_DE,A_V_D_CALENDARIO_FECHA_CAE,logical_table
D37155AD4F80C35B72446095ED089E4E,attribute,Mes Conciliacion Pago,,Schema Objects/Attributes/Pagos Desconciliados/Tiempo/Fecha Conciliacion Pago,Anio Mes,ID,number,ANIO_MES_NR,A_V_D_CALENDARIO_FECHA_CONCILIACION_PAGO,logical_table
D37155AD4F80C35B72446095ED089E4E,attribute,Mes Conciliacion Pago,,Schema Objects/Attributes/Pagos Desconciliados/Tiempo/Fecha Conciliacion Pago,Descripcion Anio Mes,DESC,text,ANIO_MES_DE,A_V_D_CALENDARIO_FECHA_CONCILIACION_PAGO,logical_table
518A22D34E2948BAD9ACEFB216096C89,attribute,Mes Creacion Factura,,Schema Objects/Attributes/Facturacion Cabecera/Tiempo/Fecha Creacion,Anio Mes,ID,number,ANIO_MES_NR,A_V_D_CALENDARIO_FECHA_CREACION_FACTURA,logical_table
518A22D34E2948BAD9ACEFB216096C89,attribute,Mes Creacion Factura,,Schema Objects/Attributes/Facturacion Cabecera/Tiempo/Fecha Creacion,Descripcion Anio Mes,DESC,text,ANIO_MES_DE,A_V_D_CALENDARIO_FECHA_CREACION_FACTURA,logical_table
F9954572467F5FCC55F53D925C7CE3BB,attribute,Mes Creacion Pago,,Schema Objects/Attributes/Pagos Detalle/Tiempo/Fecha Creacion Pago,Anio Mes,ID,number,ANIO_MES_NR,A_V_D_CALENDARIO_FECHA_CREACION_PAGO,logical_table
F9954572467F5FCC55F53D925C7CE3BB,attribute,Mes Creacion Pago,,Schema Objects/Attributes/Pagos Detalle/Tiempo/Fecha Creacion Pago,Descripcion Anio Mes,DESC,text,ANIO_MES_DE,A_V_D_CALENDARIO_FECHA_CREACION_PAGO,logical_table
3C6876FD4A41F689E1D9FEBF6EBEFE42,attribute,Mes de Actividad,Mes original de la actividad / transaccion,Schema Objects/Attributes/Pagos Contabilizados/Tiempo/Fecha Actividad,Anio Mes,ID,number,ANIO_MES_NR,A_V_D_CALENDARIO_FECHA_ACTIVIDAD,logical_table
3C6876FD4A41F689E1D9FEBF6EBEFE42,attribute,Mes de Actividad,Mes original de la actividad / transaccion,Schema Objects/Attributes/Pagos Contabilizados/Tiempo/Fecha Actividad,Descripcion Anio Mes,DESC,text,ANIO_MES_DE,A_V_D_CALENDARIO_FECHA_ACTIVIDAD,logical_table
EC73C45C48D59AF73B10A8A89A3289FF,attribute,Mes de Creacion Registro,Mes de creacion del Registro Contable,Schema Objects/Attributes/Pagos Contabilizados/Tiempo/Fecha Creacion Registro,Anio Mes,ID,number,ANIO_MES_NR,A_V_D_CALENDARIO_FECHA_CREACION_REGISTRO,logical_table
EC73C45C48D59AF73B10A8A89A3289FF,attribute,Mes de Creacion Registro,Mes de creacion del Registro Contable,Schema Objects/Attributes/Pagos Contabilizados/Tiempo/Fecha Creacion Registro,Descripcion Anio Mes,DESC,text,ANIO_MES_DE,A_V_D_CALENDARIO_FECHA_CREACION_REGISTRO,logical_table
EB6A2E6943E5607874F6C18E955E84DB,attribute,Mes Desconciliacion Pago,,Schema Objects/Attributes/Pagos Desconciliados/Tiempo/Fecha Desconciliacion Pago,Anio Mes,ID,number,ANIO_MES_NR,A_V_D_CALENDARIO_FECHA_DESCONCILIACION_PAGO,logical_table
EB6A2E6943E5607874F6C18E955E84DB,attribute,Mes Desconciliacion Pago,,Schema Objects/Attributes/Pagos Desconciliados/Tiempo/Fecha Desconciliacion Pago,Descripcion Anio Mes,DESC,text,ANIO_MES_DE,A_V_D_CALENDARIO_FECHA_DESCONCILIACION_PAGO,logical_table
26F2227B42624562761248BA5AD01879,attribute,Mes Efectivo Pago,,Schema Objects/Attributes/Pagos Desconciliados/Tiempo/Fecha Efectiva Pago,Anio Mes,ID,number,ANIO_MES_NR,A_V_D_CALENDARIO_FECHA_EFECTIVA_PAGO,logical_table
26F2227B42624562761248BA5AD01879,attribute,Mes Efectivo Pago,,Schema Objects/Attributes/Pagos Desconciliados/Tiempo/Fecha Efectiva Pago,Descripcion Anio Mes,DESC,text,ANIO_MES_DE,A_V_D_CALENDARIO_FECHA_EFECTIVA_PAGO,logical_table
C21E9FE044867B9EAB9D2187A2267978,attribute,Mes Ejecucion Conciliacion,,Schema Objects/Attributes/Pagos Desconciliados/Tiempo/Fecha Ejecucion Conciliacion,Anio Mes,ID,number,ANIO_MES_NR,A_V_D_CALENDARIO_FECHA_EJECUCION_CONCILIACION,logical_table
C21E9FE044867B9EAB9D2187A2267978,attribute,Mes Ejecucion Conciliacion,,Schema Objects/Attributes/Pagos Desconciliados/Tiempo/Fecha Ejecucion Conciliacion,Descripcion Anio Mes,DESC,text,ANIO_MES_DE,A_V_D_CALENDARIO_FECHA_EJECUCION_CONCILIACION,logical_table
D107D71848DAC753D3800A8CD9202319,attribute,Mes Emision Factura,,Schema Objects/Attributes/Facturacion Cabecera/Tiempo/Fecha Emision,Anio Mes,ID,number,ANIO_MES_NR,A_V_D_CALENDARIO_FECHA_EMISION_FACTURA,logical_table
D107D71848DAC753D3800A8CD9202319,attribute,Mes Emision Factura,,Schema Objects/Attributes/Facturacion Cabecera/Tiempo/Fecha Emision,Descripcion Anio Mes,DESC,text,ANIO_MES_DE,A_V_D_CALENDARIO_FECHA_EMISION_FACTURA,logical_table
992C333042E7946953CEA7B067D973D6,attribute,Mes Pago,,Schema Objects/Attributes/Pagos Detalle/Tiempo/Fecha Pago,Anio Mes,ID,number,ANIO_MES_NR,A_V_D_CALENDARIO_FECHA_PAGO,logical_table
992C333042E7946953CEA7B067D973D6,attribute,Mes Pago,,Schema Objects/Attributes/Pagos Detalle/Tiempo/Fecha Pago,Descripcion Anio Mes,DESC,text,ANIO_MES_DE,A_V_D_CALENDARIO_FECHA_PAGO,logical_table
023DF3394913BCE473A79D9C1833E3DA,attribute,Mes Recarga,,Schema Objects/Attributes/Facturacion Cabecera/Tiempo/Fecha Recarga,Anio Mes,ID,number,ANIO_MES_NR,A_V_D_CALENDARIO_FECHA_RECARGA,logical_table
023DF3394913BCE473A79D9C1833E3DA,attribute,Mes Recarga,,Schema Objects/Attributes/Facturacion Cabecera/Tiempo/Fecha Recarga,Descripcion Anio Mes,DESC,text,ANIO_MES_DE,A_V_D_CALENDARIO_FECHA_RECARGA,logical_table
0B84DF9C4084356DF2821CBC0DA88501,attribute,Mes Vencimiento Factura,,Schema Objects/Attributes/Facturacion Cabecera/Tiempo/Fecha Vencimiento,Anio Mes,ID,number,ANIO_MES_NR,A_V_D_CALENDARIO_FECHA_VENCIMIENTO_FACTURA,logical_table
0B84DF9C4084356DF2821CBC0DA88501,attribute,Mes Vencimiento Factura,,Schema Objects/Attributes/Facturacion Cabecera/Tiempo/Fecha Vencimiento,Descripcion Anio Mes,DESC,text,ANIO_MES_DE,A_V_D_CALENDARIO_FECHA_VENCIMIENTO_FACTURA,logical_table
2633B15A4A719D8C5A562D9B31BF2CC1,attribute,Metodo de Devolucion Pago,Metodo de devolucion del pago (en caso de cancelacion y o devolucion),Schema Objects/Attributes/Pagos Contabilizados,ID,ID,number,METODO_DEVOLUCION_PAGO_ID,V_D_METODO_DEVOLUCION_PAGO,logical_table
2633B15A4A719D8C5A562D9B31BF2CC1,attribute,Metodo de Devolucion Pago,Metodo de devolucion del pago (en caso de cancelacion y o devolucion),Schema Objects/Attributes/Pagos Contabilizados,ID,ID,number,METODO_DEVOLUCION_PAGO_ID,V_F_TR_PAGOS_CONTABILIZADOS_D,logical_table
2633B15A4A719D8C5A562D9B31BF2CC1,attribute,Metodo de Devolucion Pago,Metodo de devolucion del pago (en caso de cancelacion y o devolucion),Schema Objects/Attributes/Pagos Contabilizados,Codigo,CODIGO,text,METODO_DEVOLUCION_PAGO_CD,V_D_METODO_DEVOLUCION_PAGO,logical_table
2633B15A4A719D8C5A562D9B31BF2CC1,attribute,Metodo de Devolucion Pago,Metodo de devolucion del pago (en caso de cancelacion y o devolucion),Schema Objects/Attributes/Pagos Contabilizados,Descripcion,DESC,text,METODO_DEVOLUCION_PAGO_DE,V_D_METODO_DEVOLUCION_PAGO,logical_table
AEC83C4D49D30D1F52EF4EB77421BBE7,attribute,Metodo Pago,,Schema Objects/Attributes/Pagos Detalle/Pago/Metodo Pago,ID,ID,number,METODO_PAGO_ID,V_D_METODO_PAGO,logical_table
AEC83C4D49D30D1F52EF4EB77421BBE7,attribute,Metodo Pago,,Schema Objects/Attributes/Pagos Detalle/Pago/Metodo Pago,ID,ID,number,METODO_PAGO_ID,V_F_TR_COBROS_DETALLE_D,logical_table
AEC83C4D49D30D1F52EF4EB77421BBE7,attribute,Metodo Pago,,Schema Objects/Attributes/Pagos Detalle/Pago/Metodo Pago,ID,ID,number,METODO_PAGO_ID,V_F_TR_DESCONCILIACION_PAGOS_D,logical_table
AEC83C4D49D30D1F52EF4EB77421BBE7,attribute,Metodo Pago,,Schema Objects/Attributes/Pagos Detalle/Pago/Metodo Pago,ID,ID,number,METODO_PAGO_ID,V_F_TR_PAGOS_CONTABILIZADOS_D,logical_table
AEC83C4D49D30D1F52EF4EB77421BBE7,attribute,Metodo Pago,,Schema Objects/Attributes/Pagos Detalle/Pago/Metodo Pago,Descripcion,DESC,text,METODO_PAGO_DE,V_D_METODO_PAGO,logical_table
AEC83C4D49D30D1F52EF4EB77421BBE7,attribute,Metodo Pago,,Schema Objects/Attributes/Pagos Detalle/Pago/Metodo Pago,Codigo,CODIGO,text,METODO_PAGO_CD,V_D_METODO_PAGO,logical_table
91B7B64144FF8EF7B0B54CB1AC44CF5F,attribute,Moneda,,Schema Objects/Attributes/Facturacion Cabecera,ID,ID,number,MONEDA_ID,V_D_MONEDA,logical_table
91B7B64144FF8EF7B0B54CB1AC44CF5F,attribute,Moneda,,Schema Objects/Attributes/Facturacion Cabecera,ID,ID,number,MONEDA_ID,V_F_AG_FACTURACION_DETALLE_01_D,logical_table
91B7B64144FF8EF7B0B54CB1AC44CF5F,attribute,Moneda,,Schema Objects/Attributes/Facturacion Cabecera,ID,ID,number,MONEDA_ID,V_F_TR_COBROS_DETALLE_D,logical_table
91B7B64144FF8EF7B0B54CB1AC44CF5F,attribute,Moneda,,Schema Objects/Attributes/Facturacion Cabecera,ID,ID,number,MONEDA_ID,V_F_TR_FACTURACION_CABECERA_D,logical_table
91B7B64144FF8EF7B0B54CB1AC44CF5F,attribute,Moneda,,Schema Objects/Attributes/Facturacion Cabecera,ID,ID,number,MONEDA_ID,V_F_TR_FACTURACION_DETALLE_D,logical_table
91B7B64144FF8EF7B0B54CB1AC44CF5F,attribute,Moneda,,Schema Objects/Attributes/Facturacion Cabecera,ID,ID,number,MONEDA_ID,V_F_TR_FACTURACION_IMPUESTOS_D,logical_table
91B7B64144FF8EF7B0B54CB1AC44CF5F,attribute,Moneda,,Schema Objects/Attributes/Facturacion Cabecera,ID,ID,number,MONEDA_ID,V_F_TR_PAGOS_CONTABILIZADOS_D,logical_table
91B7B64144FF8EF7B0B54CB1AC44CF5F,attribute,Moneda,,Schema Objects/Attributes/Facturacion Cabecera,DESC,DESC,text,MONEDA_DE,V_D_MONEDA,logical_table
7B73BB5F4AD082311B40CD9713222AB1,attribute,Moneda Cuenta Financiera,,Schema Objects/Attributes/Facturacion Cabecera/Cuenta Financiera,ID,ID,number,MONEDA_ID,A_V_D_MONEDA_CUENTA_FINANCIERA,logical_table
7B73BB5F4AD082311B40CD9713222AB1,attribute,Moneda Cuenta Financiera,,Schema Objects/Attributes/Facturacion Cabecera/Cuenta Financiera,ID,ID,number,MONEDA_ID,V_D_CUENTA_FINANCIERA,logical_table
7B73BB5F4AD082311B40CD9713222AB1,attribute,Moneda Cuenta Financiera,,Schema Objects/Attributes/Facturacion Cabecera/Cuenta Financiera,DESC,DESC,text,MONEDA_DE,A_V_D_MONEDA_CUENTA_FINANCIERA,logical_table
5B572A474772705E17182999E6877D22,attribute,Motivo Credito,,Schema Objects/Attributes/Facturacion Detalle,ID,ID,number,MOTIVO_CREDITO_ID,V_D_MOTIVO_CREDITO,logical_table
5B572A474772705E17182999E6877D22,attribute,Motivo Credito,,Schema Objects/Attributes/Facturacion Detalle,ID,ID,number,MOTIVO_CREDITO_ID,V_F_AG_FACTURACION_DETALLE_01_D,logical_table
5B572A474772705E17182999E6877D22,attribute,Motivo Credito,,Schema Objects/Attributes/Facturacion Detalle,ID,ID,number,MOTIVO_CREDITO_ID,V_F_TR_FACTURACION_DETALLE_D,logical_table
5B572A474772705E17182999E6877D22,attribute,Motivo Credito,,Schema Objects/Attributes/Facturacion Detalle,Codigo,CODIGO,text,MOTIVO_CREDITO_CD,V_D_MOTIVO_CREDITO,logical_table
5B572A474772705E17182999E6877D22,attribute,Motivo Credito,,Schema Objects/Attributes/Facturacion Detalle,Descripcion,DESC,text,MOTIVO_CREDITO_DE,V_D_MOTIVO_CREDITO,logical_table
A03E6CEA4B1BE70EF7E5C2AB9F09E306,attribute,Motivo Desconciliacion,,Schema Objects/Attributes/Pagos Desconciliados,ID,ID,number,MOTIVO_DESCONCILIACION_ID,V_D_MOTIVO_DESCONCILIACION,logical_table
A03E6CEA4B1BE70EF7E5C2AB9F09E306,attribute,Motivo Desconciliacion,,Schema Objects/Attributes/Pagos Desconciliados,ID,ID,number,MOTIVO_DESCONCILIACION_ID,V_F_TR_DESCONCILIACION_PAGOS_D,logical_table
A03E6CEA4B1BE70EF7E5C2AB9F09E306,attribute,Motivo Desconciliacion,,Schema Objects/Attributes/Pagos Desconciliados,Codigo,CODIGO,text,MOTIVO_DESCONCILIACION_CD,V_D_MOTIVO_DESCONCILIACION,logical_table
A03E6CEA4B1BE70EF7E5C2AB9F09E306,attribute,Motivo Desconciliacion,,Schema Objects/Attributes/Pagos Desconciliados,Descripcion,DESC,text,MOTIVO_DESCONCILIACION_DE,V_D_MOTIVO_DESCONCILIACION,logical_table
CB2E9997458DEE737E4770AD3DC2B474,attribute,Motivo Reversion Pago,,Schema Objects/Attributes/Pagos Detalle/Pago,ID,ID,number,MOTIVO_REVERSION_PAGO_ID,V_D_MOTIVO_REVERSION_PAGO,logical_table
CB2E9997458DEE737E4770AD3DC2B474,attribute,Motivo Reversion Pago,,Schema Objects/Attributes/Pagos Detalle/Pago,ID,ID,number,MOTIVO_REVERSION_PAGO_ID,V_F_TR_COBROS_DETALLE_D,logical_table
CB2E9997458DEE737E4770AD3DC2B474,attribute,Motivo Reversion Pago,,Schema Objects/Attributes/Pagos Detalle/Pago,Descripcion,DESC,text,MOTIVO_REVERSION_PAGO_DE,V_D_MOTIVO_REVERSION_PAGO,logical_table
CB2E9997458DEE737E4770AD3DC2B474,attribute,Motivo Reversion Pago,,Schema Objects/Attributes/Pagos Detalle/Pago,Codigo,CODIGO,text,MOTIVO_REVERSION_PAGO_CD,V_D_MOTIVO_REVERSION_PAGO,logical_table
6A021E514D55D50D99A69C866AE66FBE,attribute,Nivel Credito,,Schema Objects/Attributes/Facturacion Detalle,ID,ID,number,NIVEL_CREDITO_ID,V_D_NIVEL_CREDITO,logical_table
6A021E514D55D50D99A69C866AE66FBE,attribute,Nivel Credito,,Schema Objects/Attributes/Facturacion Detalle,ID,ID,number,NIVEL_CREDITO_ID,V_F_TR_FACTURACION_DETALLE_D,logical_table
6A021E514D55D50D99A69C866AE66FBE,attribute,Nivel Credito,,Schema Objects/Attributes/Facturacion Detalle,Codigo,CODIGO,text,NIVEL_CREDITO_CD,V_D_NIVEL_CREDITO,logical_table
6A021E514D55D50D99A69C866AE66FBE,attribute,Nivel Credito,,Schema Objects/Attributes/Facturacion Detalle,Descripcion,DESC,text,NIVEL_CREDITO_DE,V_D_NIVEL_CREDITO,logical_table
AB8D481244F2F277BEF83EB696EF2BA9,attribute,Nombre Impreso,,Schema Objects/Attributes/Facturacion Cabecera/Cuenta Financiera,Nombre Impreso,DESC,text,NOMBRE_IMPRESO_DE,V_D_CUENTA_FINANCIERA,logical_table
E74034794C43A8A52BBF7DAD5DB0BAA7,attribute,Numero CAE,,Schema Objects/Attributes/Facturacion Cabecera,Numero CAE,CODIGO,text,CAE_CD,V_F_TR_FACTURACION_CABECERA_D,logical_table
E74034794C43A8A52BBF7DAD5DB0BAA7,attribute,Numero CAE,,Schema Objects/Attributes/Facturacion Cabecera,Numero CAE,CODIGO,text,CAE_CD,V_F_TR_FACTURACION_DETALLE_D,logical_table
E74034794C43A8A52BBF7DAD5DB0BAA7,attribute,Numero CAE,,Schema Objects/Attributes/Facturacion Cabecera,Numero CAE,CODIGO,text,CAE_CD,V_F_TR_FACTURACION_IMPUESTOS_D,logical_table
F2D7760C446FA1A9A14E57AF1921654A,attribute,Numero Comprobante,,Schema Objects/Attributes/Facturacion Cabecera,Numero Comprobante,CODIGO,number,COMPROBANTE_CD,V_F_TR_FACTURACION_CABECERA_D,logical_table
F2D7760C446FA1A9A14E57AF1921654A,attribute,Numero Comprobante,,Schema Objects/Attributes/Facturacion Cabecera,Numero Comprobante,CODIGO,number,COMPROBANTE_CD,V_F_TR_FACTURACION_DETALLE_D,logical_table
F2D7760C446FA1A9A14E57AF1921654A,attribute,Numero Comprobante,,Schema Objects/Attributes/Facturacion Cabecera,Numero Comprobante,CODIGO,number,COMPROBANTE_CD,V_F_TR_FACTURACION_IMPUESTOS_D,logical_table
B8A0B8214EE777717874A8AB0426765C,attribute,Numero Comprobante Legal,,Schema Objects/Attributes/Facturacion Cabecera,Numero Comprobante Legal,CODIGO,text,COMPROBANTE_LEGAL_CD,V_F_TR_COBROS_DETALLE_D,logical_table
B8A0B8214EE777717874A8AB0426765C,attribute,Numero Comprobante Legal,,Schema Objects/Attributes/Facturacion Cabecera,Numero Comprobante Legal,CODIGO,text,COMPROBANTE_LEGAL_CD,V_F_TR_FACTURACION_CABECERA_D,logical_table
B8A0B8214EE777717874A8AB0426765C,attribute,Numero Comprobante Legal,,Schema Objects/Attributes/Facturacion Cabecera,Numero Comprobante Legal,CODIGO,text,COMPROBANTE_LEGAL_CD,V_F_TR_FACTURACION_DETALLE_D,logical_table
B8A0B8214EE777717874A8AB0426765C,attribute,Numero Comprobante Legal,,Schema Objects/Attributes/Facturacion Cabecera,Numero Comprobante Legal,CODIGO,text,COMPROBANTE_LEGAL_CD,V_F_TR_FACTURACION_IMPUESTOS_D,logical_table
BD77A42D40984D85CFE55E81237EFC9C,attribute,Numero Cuota,,Schema Objects/Attributes/Pagos Detalle/Pago,Numero Cuota,ID,number,CUOTA_NR,V_F_TR_COBROS_DETALLE_D,logical_table
11F4D8684EE70A63943A1A9A4A4006F0,attribute,Numero Cupon,,Schema Objects/Attributes/Pagos Detalle/Pago,Numero Cupon,ID,text,CUPON_CD,V_F_TR_COBROS_DETALLE_D,logical_table
B99307734639DCE67ED4F09CA21058C1,attribute,Numero Documento Cliente,,Schema Objects/Attributes/Facturacion Cabecera/Cliente,Numero Documento,CODIGO,text,DOCUMENTO_CLIENTE_NR,V_F_TR_FACTURACION_CABECERA_D,logical_table
B99307734639DCE67ED4F09CA21058C1,attribute,Numero Documento Cliente,,Schema Objects/Attributes/Facturacion Cabecera/Cliente,Numero Documento,CODIGO,text,DOCUMENTO_CLIENTE_NR,V_F_TR_FACTURACION_DETALLE_D,logical_table
B99307734639DCE67ED4F09CA21058C1,attribute,Numero Documento Cliente,,Schema Objects/Attributes/Facturacion Cabecera/Cliente,Numero Documento,CODIGO,text,DOCUMENTO_CLIENTE_NR,V_F_TR_FACTURACION_IMPUESTOS_D,logical_table
3A7932DE43805FE77F68B691316651FC,attribute,Numero Lote Entidad,,Schema Objects/Attributes/Pagos Desconciliados,Numero Lote Entidad,CODIGO,text,LOTE_ENTIDAD_CD,V_F_TR_DESCONCILIACION_PAGOS_D,logical_table
5DFAB802488821F7B82D85B746F18FD2,attribute,Numero Pago Externo,,Schema Objects/Attributes/Pagos Detalle/Pago,Numero Pago Externo,ID,text,PAGO_EXTERNO_CD,V_F_TR_COBROS_DETALLE_D,logical_table
0E74949B446E3B659BB4C59C17CD3F22,attribute,Numero Terminal Origen,,Schema Objects/Attributes/Pagos Desconciliados,Numero Terminal Origen,CODIGO,text,TERMINAL_ORIGEN_CD,V_F_TR_DESCONCILIACION_PAGOS_D,logical_table
FD2E17D6416EECA973B9CC9A3997F1CE,attribute,Numero Transaccion,,Schema Objects/Attributes/Pagos Detalle/Pago,Numero Transaccion,ID,number,TRANSACCION_CD,V_F_TR_COBROS_DETALLE_D,logical_table
D488A54043C8BAB021BD12BCA1325A4F,attribute,Numero Voucher,,Schema Objects/Attributes/Pagos Detalle/Pago,Numero Voucher,ID,text,VOUCHER_CD,V_F_TR_COBROS_DETALLE_D,logical_table
8A44A2974464C62B0D1E25ACA3097533,attribute,Origen Pago,,Schema Objects/Attributes/Pagos Detalle/Pago/Origen Pago,ID,ID,number,ORIGEN_PAGO_ID,V_D_ORIGEN_PAGO,logical_table
8A44A2974464C62B0D1E25ACA3097533,attribute,Origen Pago,,Schema Objects/Attributes/Pagos Detalle/Pago/Origen Pago,ID,ID,number,ORIGEN_PAGO_ID,V_F_TR_COBROS_DETALLE_D,logical_table
8A44A2974464C62B0D1E25ACA3097533,attribute,Origen Pago,,Schema Objects/Attributes/Pagos Detalle/Pago/Origen Pago,ID,ID,number,ORIGEN_PAGO_ID,V_F_TR_DESCONCILIACION_PAGOS_D,logical_table
8A44A2974464C62B0D1E25ACA3097533,attribute,Origen Pago,,Schema Objects/Attributes/Pagos Detalle/Pago/Origen Pago,ID,ID,number,ORIGEN_PAGO_ID,V_F_TR_PAGOS_CONTABILIZADOS_D,logical_table
8A44A2974464C62B0D1E25ACA3097533,attribute,Origen Pago,,Schema Objects/Attributes/Pagos Detalle/Pago/Origen Pago,Descripcion,DESC,text,ORIGEN_PAGO_DE,V_D_ORIGEN_PAGO,logical_table
8A44A2974464C62B0D1E25ACA3097533,attribute,Origen Pago,,Schema Objects/Attributes/Pagos Detalle/Pago/Origen Pago,Codigo,CODIGO,text,ORIGEN_PAGO_CD,V_D_ORIGEN_PAGO,logical_table
5B6689864AFA772F56A611BBF55FF232,attribute,Paquete SAP,,Schema Objects/Attributes/Facturacion Detalle/Cargo Facturacion,ID,ID,number,PAQUETE_SAP_ID,V_D_CARGO_FACTURACION,logical_table
5B6689864AFA772F56A611BBF55FF232,attribute,Paquete SAP,,Schema Objects/Attributes/Facturacion Detalle/Cargo Facturacion,ID,ID,number,PAQUETE_SAP_ID,V_D_PAQUETE_SAP,logical_table
5B6689864AFA772F56A611BBF55FF232,attribute,Paquete SAP,,Schema Objects/Attributes/Facturacion Detalle/Cargo Facturacion,Codigo,CODIGO,text,PAQUETE_SAP_CD,V_D_PAQUETE_SAP,logical_table
5B6689864AFA772F56A611BBF55FF232,attribute,Paquete SAP,,Schema Objects/Attributes/Facturacion Detalle/Cargo Facturacion,Descripcion,DESC,text,PAQUETE_SAP_DE,V_D_PAQUETE_SAP,logical_table
CBD2CC6A42564D1678BC54A3A38AB955,attribute,Producto SAP,,Schema Objects/Attributes/Facturacion Detalle/Cargo Facturacion,ID,ID,number,PRODUCTO_SAP_ID,V_D_CARGO_FACTURACION,logical_table
CBD2CC6A42564D1678BC54A3A38AB955,attribute,Producto SAP,,Schema Objects/Attributes/Facturacion Detalle/Cargo Facturacion,ID,ID,number,PRODUCTO_SAP_ID,V_D_PRODUCTO_SAP,logical_table
CBD2CC6A42564D1678BC54A3A38AB955,attribute,Producto SAP,,Schema Objects/Attributes/Facturacion Detalle/Cargo Facturacion,Codigo,CODIGO,text,PRODUCTO_SAP_CD,V_D_PRODUCTO_SAP,logical_table
CBD2CC6A42564D1678BC54A3A38AB955,attribute,Producto SAP,,Schema Objects/Attributes/Facturacion Detalle/Cargo Facturacion,Descripcion,DESC,text,PRODUCTO_SAP_DE,V_D_PRODUCTO_SAP,logical_table
8EEC0C1140A059BEC4F1EC98EDEDBB2E,attribute,Punto Emision,,Schema Objects/Attributes/Facturacion Cabecera/Punto Emision,ID,ID,number,PUNTO_EMISION_ID,V_D_PUNTO_EMISION,logical_table
8EEC0C1140A059BEC4F1EC98EDEDBB2E,attribute,Punto Emision,,Schema Objects/Attributes/Facturacion Cabecera/Punto Emision,ID,ID,number,PUNTO_EMISION_ID,V_F_AG_FACTURACION_DETALLE_01_D,logical_table
8EEC0C1140A059BEC4F1EC98EDEDBB2E,attribute,Punto Emision,,Schema Objects/Attributes/Facturacion Cabecera/Punto Emision,ID,ID,number,PUNTO_EMISION_ID,V_F_TR_FACTURACION_CABECERA_D,logical_table
8EEC0C1140A059BEC4F1EC98EDEDBB2E,attribute,Punto Emision,,Schema Objects/Attributes/Facturacion Cabecera/Punto Emision,ID,ID,number,PUNTO_EMISION_ID,V_F_TR_FACTURACION_DETALLE_D,logical_table
8EEC0C1140A059BEC4F1EC98EDEDBB2E,attribute,Punto Emision,,Schema Objects/Attributes/Facturacion Cabecera/Punto Emision,ID,ID,number,PUNTO_EMISION_ID,V_F_TR_FACTURACION_IMPUESTOS_D,logical_table
8EEC0C1140A059BEC4F1EC98EDEDBB2E,attribute,Punto Emision,,Schema Objects/Attributes/Facturacion Cabecera/Punto Emision,Codigo,CODIGO,number,PUNTO_EMISION_CD,V_D_PUNTO_EMISION,logical_table
8EEC0C1140A059BEC4F1EC98EDEDBB2E,attribute,Punto Emision,,Schema Objects/Attributes/Facturacion Cabecera/Punto Emision,Descripcion,DESC,text,PUNTO_EMISION_DE,V_D_PUNTO_EMISION,logical_table
8EEC0C1140A059BEC4F1EC98EDEDBB2E,attribute,Punto Emision,,Schema Objects/Attributes/Facturacion Cabecera/Punto Emision,Numero Punto Emision,Punto Emision None,number,PUNTO_EMISION_NR,V_D_PUNTO_EMISION,logical_table
A2A1D9AD424C1529B283349859EA1BF4,attribute,Quincena Mes CAE,,Schema Objects/Attributes/Facturacion Cabecera/Tiempo/Fecha CAE,ID,ID,number,QUINCENA_MES_ID,A_V_D_CALENDARIO_FECHA_CAE,logical_table
A2A1D9AD424C1529B283349859EA1BF4,attribute,Quincena Mes CAE,,Schema Objects/Attributes/Facturacion Cabecera/Tiempo/Fecha CAE,ID,ID,number,QUINCENA_MES_ID,A_V_D_QUINCENA_MES_FECHA_CAE,logical_table
A2A1D9AD424C1529B283349859EA1BF4,attribute,Quincena Mes CAE,,Schema Objects/Attributes/Facturacion Cabecera/Tiempo/Fecha CAE,DESC,DESC,text,QUINCENA_MES_DE,A_V_D_QUINCENA_MES_FECHA_CAE,logical_table
A2A1D9AD424C1529B283349859EA1BF4,attribute,Quincena Mes CAE,,Schema Objects/Attributes/Facturacion Cabecera/Tiempo/Fecha CAE,CODIGO,CODIGO,number,QUINCENA_MES_NR,A_V_D_QUINCENA_MES_FECHA_CAE,logical_table
2C1CE2044A35EE4A221246929A64E073,attribute,Quincena Mes Creacion Factura,,Schema Objects/Attributes/Facturacion Cabecera/Tiempo/Fecha Creacion,ID,ID,number,QUINCENA_MES_ID,A_V_D_CALENDARIO_FECHA_CREACION_FACTURA,logical_table
2C1CE2044A35EE4A221246929A64E073,attribute,Quincena Mes Creacion Factura,,Schema Objects/Attributes/Facturacion Cabecera/Tiempo/Fecha Creacion,ID,ID,number,QUINCENA_MES_ID,A_V_D_QUINCENA_MES_FECHA_CREACION_FACTURA,logical_table
2C1CE2044A35EE4A221246929A64E073,attribute,Quincena Mes Creacion Factura,,Schema Objects/Attributes/Facturacion Cabecera/Tiempo/Fecha Creacion,DESC,DESC,text,QUINCENA_MES_DE,A_V_D_QUINCENA_MES_FECHA_CREACION_FACTURA,logical_table
2C1CE2044A35EE4A221246929A64E073,attribute,Quincena Mes Creacion Factura,,Schema Objects/Attributes/Facturacion Cabecera/Tiempo/Fecha Creacion,CODIGO,CODIGO,number,QUINCENA_MES_NR,A_V_D_QUINCENA_MES_FECHA_CREACION_FACTURA,logical_table
983B3BC94E862376170A0F9D755AE5F3,attribute,Quincena Mes Emision Factura,,Schema Objects/Attributes/Facturacion Cabecera/Tiempo/Fecha Emision,ID,ID,number,QUINCENA_MES_ID,A_V_D_CALENDARIO_FECHA_EMISION_FACTURA,logical_table
983B3BC94E862376170A0F9D755AE5F3,attribute,Quincena Mes Emision Factura,,Schema Objects/Attributes/Facturacion Cabecera/Tiempo/Fecha Emision,ID,ID,number,QUINCENA_MES_ID,A_V_D_QUINCENA_MES_FECHA_EMISION_FACTURA,logical_table
983B3BC94E862376170A0F9D755AE5F3,attribute,Quincena Mes Emision Factura,,Schema Objects/Attributes/Facturacion Cabecera/Tiempo/Fecha Emision,DESC,DESC,text,QUINCENA_MES_DE,A_V_D_QUINCENA_MES_FECHA_EMISION_FACTURA,logical_table
983B3BC94E862376170A0F9D755AE5F3,attribute,Quincena Mes Emision Factura,,Schema Objects/Attributes/Facturacion Cabecera/Tiempo/Fecha Emision,CODIGO,CODIGO,number,QUINCENA_MES_NR,A_V_D_QUINCENA_MES_FECHA_EMISION_FACTURA,logical_table
70F3DDED4C90CD300054AAA12225A5BE,attribute,Quincena Mes Recarga,,Schema Objects/Attributes/Facturacion Cabecera/Tiempo/Fecha Recarga,ID,ID,number,QUINCENA_MES_ID,A_V_D_CALENDARIO_FECHA_RECARGA,logical_table
70F3DDED4C90CD300054AAA12225A5BE,attribute,Quincena Mes Recarga,,Schema Objects/Attributes/Facturacion Cabecera/Tiempo/Fecha Recarga,ID,ID,number,QUINCENA_MES_ID,A_V_D_QUINCENA_MES_FECHA_RECARGA,logical_table
70F3DDED4C90CD300054AAA12225A5BE,attribute,Quincena Mes Recarga,,Schema Objects/Attributes/Facturacion Cabecera/Tiempo/Fecha Recarga,DESC,DESC,text,QUINCENA_MES_DE,A_V_D_QUINCENA_MES_FECHA_RECARGA,logical_table
70F3DDED4C90CD300054AAA12225A5BE,attribute,Quincena Mes Recarga,,Schema Objects/Attributes/Facturacion Cabecera/Tiempo/Fecha Recarga,CODIGO,CODIGO,number,QUINCENA_MES_NR,A_V_D_QUINCENA_MES_FECHA_RECARGA,logical_table
1258E823404DB19509F9368C6619BBAA,attribute,Quincena Mes Vencimiento Factura,,Schema Objects/Attributes/Facturacion Cabecera/Tiempo/Fecha Vencimiento,ID,ID,number,QUINCENA_MES_ID,A_V_D_CALENDARIO_FECHA_VENCIMIENTO_FACTURA,logical_table
1258E823404DB19509F9368C6619BBAA,attribute,Quincena Mes Vencimiento Factura,,Schema Objects/Attributes/Facturacion Cabecera/Tiempo/Fecha Vencimiento,ID,ID,number,QUINCENA_MES_ID,A_V_D_QUINCENA_MES_FECHA_VENCIMIENTO_FACTURA,logical_table
1258E823404DB19509F9368C6619BBAA,attribute,Quincena Mes Vencimiento Factura,,Schema Objects/Attributes/Facturacion Cabecera/Tiempo/Fecha Vencimiento,DESC,DESC,text,QUINCENA_MES_DE,A_V_D_QUINCENA_MES_FECHA_VENCIMIENTO_FACTURA,logical_table
1258E823404DB19509F9368C6619BBAA,attribute,Quincena Mes Vencimiento Factura,,Schema Objects/Attributes/Facturacion Cabecera/Tiempo/Fecha Vencimiento,CODIGO,CODIGO,number,QUINCENA_MES_NR,A_V_D_QUINCENA_MES_FECHA_VENCIMIENTO_FACTURA,logical_table
791713B84DFDCF3EA11150A340101923,attribute,Regla Aplicada,Regla Aplicada a la transaccion para asociar cuenta contable,Schema Objects/Attributes/Pagos Contabilizados,ID,ID,number,REGLA_APLICADA_ID,V_D_REGLA_APLICADA,logical_table
791713B84DFDCF3EA11150A340101923,attribute,Regla Aplicada,Regla Aplicada a la transaccion para asociar cuenta contable,Schema Objects/Attributes/Pagos Contabilizados,ID,ID,number,REGLA_APLICADA_ID,V_F_TR_PAGOS_CONTABILIZADOS_D,logical_table
791713B84DFDCF3EA11150A340101923,attribute,Regla Aplicada,Regla Aplicada a la transaccion para asociar cuenta contable,Schema Objects/Attributes/Pagos Contabilizados,Codigo,CODIGO,text,REGLA_APLICADA_CD,V_D_REGLA_APLICADA,logical_table
791713B84DFDCF3EA11150A340101923,attribute,Regla Aplicada,Regla Aplicada a la transaccion para asociar cuenta contable,Schema Objects/Attributes/Pagos Contabilizados,Descripcion,DESC,text,REGLA_APLICADA_DE,V_D_REGLA_APLICADA,logical_table
0FA5BFAC4610847177783D9C2148F734,attribute,Semana Mes CAE,,Schema Objects/Attributes/Facturacion Cabecera/Tiempo/Fecha CAE,ID,ID,number,SEMANA_MES_ID,A_V_D_CALENDARIO_FECHA_CAE,logical_table
0FA5BFAC4610847177783D9C2148F734,attribute,Semana Mes CAE,,Schema Objects/Attributes/Facturacion Cabecera/Tiempo/Fecha CAE,ID,ID,number,SEMANA_MES_ID,A_V_D_SEMANA_MES_FECHA_CAE,logical_table
0FA5BFAC4610847177783D9C2148F734,attribute,Semana Mes CAE,,Schema Objects/Attributes/Facturacion Cabecera/Tiempo/Fecha CAE,DESC,DESC,text,SEMANA_MES_DE,A_V_D_SEMANA_MES_FECHA_CAE,logical_table
0FA5BFAC4610847177783D9C2148F734,attribute,Semana Mes CAE,,Schema Objects/Attributes/Facturacion Cabecera/Tiempo/Fecha CAE,CODIGO,CODIGO,number,SEMANA_MES_NR,A_V_D_SEMANA_MES_FECHA_CAE,logical_table
84240C7B44BDC348442701868819E791,attribute,Semana Mes Creacion Factura,,Schema Objects/Attributes/Facturacion Cabecera/Tiempo/Fecha Creacion,ID,ID,number,SEMANA_MES_ID,A_V_D_CALENDARIO_FECHA_CREACION_FACTURA,logical_table
84240C7B44BDC348442701868819E791,attribute,Semana Mes Creacion Factura,,Schema Objects/Attributes/Facturacion Cabecera/Tiempo/Fecha Creacion,ID,ID,number,SEMANA_MES_ID,A_V_D_SEMANA_MES_FECHA_CREACION_FACTURA,logical_table
84240C7B44BDC348442701868819E791,attribute,Semana Mes Creacion Factura,,Schema Objects/Attributes/Facturacion Cabecera/Tiempo/Fecha Creacion,DESC,DESC,text,SEMANA_MES_DE,A_V_D_SEMANA_MES_FECHA_CREACION_FACTURA,logical_table
84240C7B44BDC348442701868819E791,attribute,Semana Mes Creacion Factura,,Schema Objects/Attributes/Facturacion Cabecera/Tiempo/Fecha Creacion,CODIGO,CODIGO,number,SEMANA_MES_NR,A_V_D_SEMANA_MES_FECHA_CREACION_FACTURA,logical_table
64F5AD4C4F9EE3E68080C189AC484C32,attribute,Semana Mes Emision Factura,,Schema Objects/Attributes/Facturacion Cabecera/Tiempo/Fecha Emision,ID,ID,number,SEMANA_MES_ID,A_V_D_CALENDARIO_FECHA_EMISION_FACTURA,logical_table
64F5AD4C4F9EE3E68080C189AC484C32,attribute,Semana Mes Emision Factura,,Schema Objects/Attributes/Facturacion Cabecera/Tiempo/Fecha Emision,ID,ID,number,SEMANA_MES_ID,A_V_D_SEMANA_MES_FECHA_EMISION_FACTURA,logical_table
64F5AD4C4F9EE3E68080C189AC484C32,attribute,Semana Mes Emision Factura,,Schema Objects/Attributes/Facturacion Cabecera/Tiempo/Fecha Emision,DESC,DESC,text,SEMANA_MES_DE,A_V_D_SEMANA_MES_FECHA_EMISION_FACTURA,logical_table
64F5AD4C4F9EE3E68080C189AC484C32,attribute,Semana Mes Emision Factura,,Schema Objects/Attributes/Facturacion Cabecera/Tiempo/Fecha Emision,CODIGO,CODIGO,number,SEMANA_MES_NR,A_V_D_SEMANA_MES_FECHA_EMISION_FACTURA,logical_table
28C8F84342040B7EEEFF17AB7CD01828,attribute,Semana Mes Recarga,,Schema Objects/Attributes/Facturacion Cabecera/Tiempo/Fecha Recarga,ID,ID,number,SEMANA_MES_ID,A_V_D_CALENDARIO_FECHA_RECARGA,logical_table
28C8F84342040B7EEEFF17AB7CD01828,attribute,Semana Mes Recarga,,Schema Objects/Attributes/Facturacion Cabecera/Tiempo/Fecha Recarga,ID,ID,number,SEMANA_MES_ID,A_V_D_SEMANA_MES_FECHA_RECARGA,logical_table
28C8F84342040B7EEEFF17AB7CD01828,attribute,Semana Mes Recarga,,Schema Objects/Attributes/Facturacion Cabecera/Tiempo/Fecha Recarga,DESC,DESC,text,SEMANA_MES_DE,A_V_D_SEMANA_MES_FECHA_RECARGA,logical_table
28C8F84342040B7EEEFF17AB7CD01828,attribute,Semana Mes Recarga,,Schema Objects/Attributes/Facturacion Cabecera/Tiempo/Fecha Recarga,CODIGO,CODIGO,number,SEMANA_MES_NR,A_V_D_SEMANA_MES_FECHA_RECARGA,logical_table
6C37478E4CC9664C58F70F9B770E3E92,attribute,Semana Mes Vencimiento Factura,,Schema Objects/Attributes/Facturacion Cabecera/Tiempo/Fecha Vencimiento,ID,ID,number,SEMANA_MES_ID,A_V_D_CALENDARIO_FECHA_VENCIMIENTO_FACTURA,logical_table
6C37478E4CC9664C58F70F9B770E3E92,attribute,Semana Mes Vencimiento Factura,,Schema Objects/Attributes/Facturacion Cabecera/Tiempo/Fecha Vencimiento,ID,ID,number,SEMANA_MES_ID,A_V_D_SEMANA_MES_FECHA_VENCIMIENTO_FACTURA,logical_table
6C37478E4CC9664C58F70F9B770E3E92,attribute,Semana Mes Vencimiento Factura,,Schema Objects/Attributes/Facturacion Cabecera/Tiempo/Fecha Vencimiento,DESC,DESC,text,SEMANA_MES_DE,A_V_D_SEMANA_MES_FECHA_VENCIMIENTO_FACTURA,logical_table
6C37478E4CC9664C58F70F9B770E3E92,attribute,Semana Mes Vencimiento Factura,,Schema Objects/Attributes/Facturacion Cabecera/Tiempo/Fecha Vencimiento,CODIGO,CODIGO,number,SEMANA_MES_NR,A_V_D_SEMANA_MES_FECHA_VENCIMIENTO_FACTURA,logical_table
73BA287F4881F7D50F8C03925C2DE5F4,attribute,Semestre CAE,,Schema Objects/Attributes/Facturacion Cabecera/Tiempo/Fecha CAE,ID,ID,number,SEMESTRE_ID,A_V_D_CALENDARIO_FECHA_CAE,logical_table
73BA287F4881F7D50F8C03925C2DE5F4,attribute,Semestre CAE,,Schema Objects/Attributes/Facturacion Cabecera/Tiempo/Fecha CAE,ID,ID,number,SEMESTRE_ID,A_V_D_SEMESTRE_FECHA_CAE,logical_table
73BA287F4881F7D50F8C03925C2DE5F4,attribute,Semestre CAE,,Schema Objects/Attributes/Facturacion Cabecera/Tiempo/Fecha CAE,DESC,DESC,text,SEMESTRE_DE,A_V_D_SEMESTRE_FECHA_CAE,logical_table
73BA287F4881F7D50F8C03925C2DE5F4,attribute,Semestre CAE,,Schema Objects/Attributes/Facturacion Cabecera/Tiempo/Fecha CAE,CODIGO,CODIGO,number,SEMESTRE_NR,A_V_D_SEMESTRE_FECHA_CAE,logical_table
C7753DF643141C15459107B2641EB414,attribute,Semestre Creacion Factura,,Schema Objects/Attributes/Facturacion Cabecera/Tiempo/Fecha Creacion,ID,ID,number,SEMESTRE_ID,A_V_D_CALENDARIO_FECHA_CREACION_FACTURA,logical_table
C7753DF643141C15459107B2641EB414,attribute,Semestre Creacion Factura,,Schema Objects/Attributes/Facturacion Cabecera/Tiempo/Fecha Creacion,ID,ID,number,SEMESTRE_ID,A_V_D_SEMESTRE_FECHA_CREACION_FACTURA,logical_table
C7753DF643141C15459107B2641EB414,attribute,Semestre Creacion Factura,,Schema Objects/Attributes/Facturacion Cabecera/Tiempo/Fecha Creacion,DESC,DESC,text,SEMESTRE_DE,A_V_D_SEMESTRE_FECHA_CREACION_FACTURA,logical_table
C7753DF643141C15459107B2641EB414,attribute,Semestre Creacion Factura,,Schema Objects/Attributes/Facturacion Cabecera/Tiempo/Fecha Creacion,CODIGO,CODIGO,number,SEMESTRE_NR,A_V_D_SEMESTRE_FECHA_CREACION_FACTURA,logical_table
2C5D57F143F37C28CCAA31BCCE93B618,attribute,Semestre Emision Factura,,Schema Objects/Attributes/Facturacion Cabecera/Tiempo/Fecha Emision,ID,ID,number,SEMESTRE_ID,A_V_D_CALENDARIO_FECHA_EMISION_FACTURA,logical_table
2C5D57F143F37C28CCAA31BCCE93B618,attribute,Semestre Emision Factura,,Schema Objects/Attributes/Facturacion Cabecera/Tiempo/Fecha Emision,ID,ID,number,SEMESTRE_ID,A_V_D_SEMESTRE_FECHA_EMISION_FACTURA,logical_table
2C5D57F143F37C28CCAA31BCCE93B618,attribute,Semestre Emision Factura,,Schema Objects/Attributes/Facturacion Cabecera/Tiempo/Fecha Emision,DESC,DESC,text,SEMESTRE_DE,A_V_D_SEMESTRE_FECHA_EMISION_FACTURA,logical_table
2C5D57F143F37C28CCAA31BCCE93B618,attribute,Semestre Emision Factura,,Schema Objects/Attributes/Facturacion Cabecera/Tiempo/Fecha Emision,CODIGO,CODIGO,number,SEMESTRE_NR,A_V_D_SEMESTRE_FECHA_EMISION_FACTURA,logical_table
15B539B54EDD12E955A173A36076D999,attribute,Semestre Recarga,,Schema Objects/Attributes/Facturacion Cabecera/Tiempo/Fecha Recarga,ID,ID,number,SEMESTRE_ID,A_V_D_CALENDARIO_FECHA_RECARGA,logical_table
15B539B54EDD12E955A173A36076D999,attribute,Semestre Recarga,,Schema Objects/Attributes/Facturacion Cabecera/Tiempo/Fecha Recarga,ID,ID,number,SEMESTRE_ID,A_V_D_SEMESTRE_FECHA_RECARGA,logical_table
15B539B54EDD12E955A173A36076D999,attribute,Semestre Recarga,,Schema Objects/Attributes/Facturacion Cabecera/Tiempo/Fecha Recarga,DESC,DESC,text,SEMESTRE_DE,A_V_D_SEMESTRE_FECHA_RECARGA,logical_table
15B539B54EDD12E955A173A36076D999,attribute,Semestre Recarga,,Schema Objects/Attributes/Facturacion Cabecera/Tiempo/Fecha Recarga,CODIGO,CODIGO,number,SEMESTRE_NR,A_V_D_SEMESTRE_FECHA_RECARGA,logical_table
D94762904A38D273B796A0B6FBAE41AF,attribute,Semestre Vencimiento Factura,,Schema Objects/Attributes/Facturacion Cabecera/Tiempo/Fecha Vencimiento,ID,ID,number,SEMESTRE_ID,A_V_D_CALENDARIO_FECHA_VENCIMIENTO_FACTURA,logical_table
D94762904A38D273B796A0B6FBAE41AF,attribute,Semestre Vencimiento Factura,,Schema Objects/Attributes/Facturacion Cabecera/Tiempo/Fecha Vencimiento,ID,ID,number,SEMESTRE_ID,A_V_D_SEMESTRE_FECHA_VENCIMIENTO_FACTURA,logical_table
D94762904A38D273B796A0B6FBAE41AF,attribute,Semestre Vencimiento Factura,,Schema Objects/Attributes/Facturacion Cabecera/Tiempo/Fecha Vencimiento,DESC,DESC,text,SEMESTRE_DE,A_V_D_SEMESTRE_FECHA_VENCIMIENTO_FACTURA,logical_table
D94762904A38D273B796A0B6FBAE41AF,attribute,Semestre Vencimiento Factura,,Schema Objects/Attributes/Facturacion Cabecera/Tiempo/Fecha Vencimiento,CODIGO,CODIGO,number,SEMESTRE_NR,A_V_D_SEMESTRE_FECHA_VENCIMIENTO_FACTURA,logical_table
1D68D4E34BFB0E474356E0AE5F3FDF97,attribute,Sub Grupo Retencion,,Schema Objects/Attributes/Pagos Detalle,ID,ID,number,SUB_GRUPO_RETENCION_ID,V_D_SUB_GRUPO_RETENCION,logical_table
1D68D4E34BFB0E474356E0AE5F3FDF97,attribute,Sub Grupo Retencion,,Schema Objects/Attributes/Pagos Detalle,ID,ID,number,SUB_GRUPO_RETENCION_ID,V_F_TR_COBROS_DETALLE_D,logical_table
1D68D4E34BFB0E474356E0AE5F3FDF97,attribute,Sub Grupo Retencion,,Schema Objects/Attributes/Pagos Detalle,Descripcion,DESC,text,SUB_GRUPO_RETENCION_DE,V_D_SUB_GRUPO_RETENCION,logical_table
1D68D4E34BFB0E474356E0AE5F3FDF97,attribute,Sub Grupo Retencion,,Schema Objects/Attributes/Pagos Detalle,Codigo,CODIGO,text,SUB_GRUPO_RETENCION_CD,V_D_SUB_GRUPO_RETENCION,logical_table
6C47D5FD4054FA832B1AE1BB2414FCB0,attribute,Sub Metodo Pago,,Schema Objects/Attributes/Pagos Detalle/Pago/Metodo Pago,ID,ID,number,SUB_METODO_PAGO_ID,V_D_SUB_METODO_PAGO,logical_table
6C47D5FD4054FA832B1AE1BB2414FCB0,attribute,Sub Metodo Pago,,Schema Objects/Attributes/Pagos Detalle/Pago/Metodo Pago,ID,ID,number,SUB_METODO_PAGO_ID,V_F_TR_COBROS_DETALLE_D,logical_table
6C47D5FD4054FA832B1AE1BB2414FCB0,attribute,Sub Metodo Pago,,Schema Objects/Attributes/Pagos Detalle/Pago/Metodo Pago,ID,ID,number,SUB_METODO_PAGO_ID,V_F_TR_DESCONCILIACION_PAGOS_D,logical_table
6C47D5FD4054FA832B1AE1BB2414FCB0,attribute,Sub Metodo Pago,,Schema Objects/Attributes/Pagos Detalle/Pago/Metodo Pago,ID,ID,number,SUB_METODO_PAGO_ID,V_F_TR_PAGOS_CONTABILIZADOS_D,logical_table
6C47D5FD4054FA832B1AE1BB2414FCB0,attribute,Sub Metodo Pago,,Schema Objects/Attributes/Pagos Detalle/Pago/Metodo Pago,Descripcion,DESC,text,SUB_METODO_PAGO_DE,V_D_SUB_METODO_PAGO,logical_table
6C47D5FD4054FA832B1AE1BB2414FCB0,attribute,Sub Metodo Pago,,Schema Objects/Attributes/Pagos Detalle/Pago/Metodo Pago,Codigo,CODIGO,text,SUB_METODO_PAGO_CD,V_D_SUB_METODO_PAGO,logical_table
5BB1035D45CDB2434A559189BBD8913C,attribute,Sub Tipo Cliente,,Schema Objects/Attributes/Facturacion Cabecera/Cliente,ID,ID,number,SUB_TIPO_CLIENTE_ID,V_D_CUENTA_FINANCIERA,logical_table
5BB1035D45CDB2434A559189BBD8913C,attribute,Sub Tipo Cliente,,Schema Objects/Attributes/Facturacion Cabecera/Cliente,ID,ID,number,SUB_TIPO_CLIENTE_ID,V_D_SUB_TIPO_CLIENTE,logical_table
5BB1035D45CDB2434A559189BBD8913C,attribute,Sub Tipo Cliente,,Schema Objects/Attributes/Facturacion Cabecera/Cliente,ID,ID,number,SUB_TIPO_CLIENTE_ID,V_F_TR_COBROS_DETALLE_D,logical_table
5BB1035D45CDB2434A559189BBD8913C,attribute,Sub Tipo Cliente,,Schema Objects/Attributes/Facturacion Cabecera/Cliente,ID,ID,number,SUB_TIPO_CLIENTE_ID,V_F_TR_FACTURACION_CABECERA_D,logical_table
5BB1035D45CDB2434A559189BBD8913C,attribute,Sub Tipo Cliente,,Schema Objects/Attributes/Facturacion Cabecera/Cliente,Codigo,CODIGO,text,SUB_TIPO_CLIENTE_CD,V_D_SUB_TIPO_CLIENTE,logical_table
5BB1035D45CDB2434A559189BBD8913C,attribute,Sub Tipo Cliente,,Schema Objects/Attributes/Facturacion Cabecera/Cliente,Descripcion,DESC,text,SUB_TIPO_CLIENTE_DE,V_D_SUB_TIPO_CLIENTE,logical_table
E565C9AF41EEC0971F4E1FAB81786B54,attribute,Sub Tipo Cuenta Segmento,,Schema Objects/Attributes/Facturacion Cabecera/Cuenta Financiera,ID,ID,number,SUB_TIPO_CUENTA_SEGMENTO_ID,V_D_CUENTA_FINANCIERA,logical_table
E565C9AF41EEC0971F4E1FAB81786B54,attribute,Sub Tipo Cuenta Segmento,,Schema Objects/Attributes/Facturacion Cabecera/Cuenta Financiera,ID,ID,number,SUB_TIPO_CUENTA_SEGMENTO_ID,V_D_SUB_TIPO_CUENTA_SEGMENTO,logical_table
E565C9AF41EEC0971F4E1FAB81786B54,attribute,Sub Tipo Cuenta Segmento,,Schema Objects/Attributes/Facturacion Cabecera/Cuenta Financiera,ID,ID,number,SUB_TIPO_CUENTA_SEGMENTO_ID,V_F_TR_COBROS_DETALLE_D,logical_table
E565C9AF41EEC0971F4E1FAB81786B54,attribute,Sub Tipo Cuenta Segmento,,Schema Objects/Attributes/Facturacion Cabecera/Cuenta Financiera,Codigo,CODIGO,text,SUB_TIPO_CUENTA_SEGMENTO_CD,V_D_SUB_TIPO_CUENTA_SEGMENTO,logical_table
E565C9AF41EEC0971F4E1FAB81786B54,attribute,Sub Tipo Cuenta Segmento,,Schema Objects/Attributes/Facturacion Cabecera/Cuenta Financiera,Descripcion,DESC,text,SUB_TIPO_CUENTA_SEGMENTO_DE,V_D_SUB_TIPO_CUENTA_SEGMENTO,logical_table
69CECD164836420C47210B99F48A9B6A,attribute,Tienda,,Schema Objects/Attributes/Pagos Detalle/Pago,ID,ID,number,TIENDA_ID,V_D_TIENDA,logical_table
69CECD164836420C47210B99F48A9B6A,attribute,Tienda,,Schema Objects/Attributes/Pagos Detalle/Pago,ID,ID,number,TIENDA_ID,V_F_TR_COBROS_DETALLE_D,logical_table
69CECD164836420C47210B99F48A9B6A,attribute,Tienda,,Schema Objects/Attributes/Pagos Detalle/Pago,Descripcion,DESC,text,TIENDA_DE,V_D_TIENDA,logical_table
69CECD164836420C47210B99F48A9B6A,attribute,Tienda,,Schema Objects/Attributes/Pagos Detalle/Pago,Codigo,CODIGO,text,TIENDA_CD,V_D_TIENDA,logical_table
A6D63FF64CD20709FAEF7B8FBFF69830,attribute,Tipo Archivo,,Schema Objects/Attributes/Pagos Desconciliados,ID,ID,number,TIPO_ARCHIVO_ID,V_D_TIPO_ARCHIVO,logical_table
A6D63FF64CD20709FAEF7B8FBFF69830,attribute,Tipo Archivo,,Schema Objects/Attributes/Pagos Desconciliados,ID,ID,number,TIPO_ARCHIVO_ID,V_F_TR_DESCONCILIACION_PAGOS_D,logical_table
A6D63FF64CD20709FAEF7B8FBFF69830,attribute,Tipo Archivo,,Schema Objects/Attributes/Pagos Desconciliados,Codigo,CODIGO,text,TIPO_ARCHIVO_CD,V_D_TIPO_ARCHIVO,logical_table
A6D63FF64CD20709FAEF7B8FBFF69830,attribute,Tipo Archivo,,Schema Objects/Attributes/Pagos Desconciliados,Descripcion,DESC,text,TIPO_ARCHIVO_DE,V_D_TIPO_ARCHIVO,logical_table
E88FDA444A3BDC752C5EA0BBC4465BA0,attribute,Tipo Cargo,,Schema Objects/Attributes/Facturacion Detalle/Cargo Facturacion,ID,ID,number,TIPO_CARGO_ID,V_D_TIPO_CARGO,logical_table
E88FDA444A3BDC752C5EA0BBC4465BA0,attribute,Tipo Cargo,,Schema Objects/Attributes/Facturacion Detalle/Cargo Facturacion,ID,ID,number,TIPO_CARGO_ID,V_F_AG_FACTURACION_DETALLE_01_D,logical_table
E88FDA444A3BDC752C5EA0BBC4465BA0,attribute,Tipo Cargo,,Schema Objects/Attributes/Facturacion Detalle/Cargo Facturacion,ID,ID,number,TIPO_CARGO_ID,V_F_TR_FACTURACION_DETALLE_D,logical_table
E88FDA444A3BDC752C5EA0BBC4465BA0,attribute,Tipo Cargo,,Schema Objects/Attributes/Facturacion Detalle/Cargo Facturacion,ID,ID,number,TIPO_CARGO_ID,V_F_TR_FACTURACION_IMPUESTOS_D,logical_table
E88FDA444A3BDC752C5EA0BBC4465BA0,attribute,Tipo Cargo,,Schema Objects/Attributes/Facturacion Detalle/Cargo Facturacion,Codigo,CODIGO,text,TIPO_CARGO_CD,V_D_TIPO_CARGO,logical_table
E88FDA444A3BDC752C5EA0BBC4465BA0,attribute,Tipo Cargo,,Schema Objects/Attributes/Facturacion Detalle/Cargo Facturacion,Descripcion,DESC,text,TIPO_CARGO_DE,V_D_TIPO_CARGO,logical_table
BBD44CB741D4B71FF0EAC9AE1356B937,attribute,Tipo Cliente,,Schema Objects/Attributes/Facturacion Cabecera/Cliente,ID,ID,number,TIPO_CLIENTE_ID,V_D_SUB_TIPO_CLIENTE,logical_table
BBD44CB741D4B71FF0EAC9AE1356B937,attribute,Tipo Cliente,,Schema Objects/Attributes/Facturacion Cabecera/Cliente,ID,ID,number,TIPO_CLIENTE_ID,V_D_TIPO_CLIENTE,logical_table
BBD44CB741D4B71FF0EAC9AE1356B937,attribute,Tipo Cliente,,Schema Objects/Attributes/Facturacion Cabecera/Cliente,Codigo,CODIGO,text,TIPO_CLIENTE_CD,V_D_TIPO_CLIENTE,logical_table
BBD44CB741D4B71FF0EAC9AE1356B937,attribute,Tipo Cliente,,Schema Objects/Attributes/Facturacion Cabecera/Cliente,Descripcion,DESC,text,TIPO_CLIENTE_DE,V_D_TIPO_CLIENTE,logical_table
B0DC36A448EAE34AD43D14AE8D501857,attribute,Tipo Comprobante,,Schema Objects/Attributes/Facturacion Cabecera,ID,ID,number,TIPO_COMPROBANTE_ID,V_D_TIPO_COMPROBANTE,logical_table
B0DC36A448EAE34AD43D14AE8D501857,attribute,Tipo Comprobante,,Schema Objects/Attributes/Facturacion Cabecera,ID,ID,number,TIPO_COMPROBANTE_ID,V_F_AG_FACTURACION_DETALLE_01_D,logical_table
B0DC36A448EAE34AD43D14AE8D501857,attribute,Tipo Comprobante,,Schema Objects/Attributes/Facturacion Cabecera,ID,ID,number,TIPO_COMPROBANTE_ID,V_F_TR_FACTURACION_CABECERA_D,logical_table
B0DC36A448EAE34AD43D14AE8D501857,attribute,Tipo Comprobante,,Schema Objects/Attributes/Facturacion Cabecera,ID,ID,number,TIPO_COMPROBANTE_ID,V_F_TR_FACTURACION_DETALLE_D,logical_table
B0DC36A448EAE34AD43D14AE8D501857,attribute,Tipo Comprobante,,Schema Objects/Attributes/Facturacion Cabecera,ID,ID,number,TIPO_COMPROBANTE_ID,V_F_TR_FACTURACION_IMPUESTOS_D,logical_table
B0DC36A448EAE34AD43D14AE8D501857,attribute,Tipo Comprobante,,Schema Objects/Attributes/Facturacion Cabecera,Codigo,CODIGO,text,TIPO_COMPROBANTE_CD,V_D_TIPO_COMPROBANTE,logical_table
B0DC36A448EAE34AD43D14AE8D501857,attribute,Tipo Comprobante,,Schema Objects/Attributes/Facturacion Cabecera,Descripcion,DESC,text,TIPO_COMPROBANTE_DE,V_D_TIPO_COMPROBANTE,logical_table
DD0DCF794EC0FC4919DF53AA7FB840CE,attribute,Tipo Cuenta Segmento,,Schema Objects/Attributes/Facturacion Cabecera/Cuenta Financiera,ID,ID,number,TIPO_CUENTA_SEGMENTO_ID,V_D_CUENTA_FINANCIERA,logical_table
DD0DCF794EC0FC4919DF53AA7FB840CE,attribute,Tipo Cuenta Segmento,,Schema Objects/Attributes/Facturacion Cabecera/Cuenta Financiera,ID,ID,number,TIPO_CUENTA_SEGMENTO_ID,V_D_SUB_TIPO_CUENTA_SEGMENTO,logical_table
DD0DCF794EC0FC4919DF53AA7FB840CE,attribute,Tipo Cuenta Segmento,,Schema Objects/Attributes/Facturacion Cabecera/Cuenta Financiera,ID,ID,number,TIPO_CUENTA_SEGMENTO_ID,V_D_TIPO_CUENTA_SEGMENTO,logical_table
DD0DCF794EC0FC4919DF53AA7FB840CE,attribute,Tipo Cuenta Segmento,,Schema Objects/Attributes/Facturacion Cabecera/Cuenta Financiera,ID,ID,number,TIPO_CUENTA_SEGMENTO_ID,V_F_TR_COBROS_DETALLE_D,logical_table
DD0DCF794EC0FC4919DF53AA7FB840CE,attribute,Tipo Cuenta Segmento,,Schema Objects/Attributes/Facturacion Cabecera/Cuenta Financiera,Codigo,CODIGO,text,TIPO_CUENTA_SEGMENTO_CD,V_D_TIPO_CUENTA_SEGMENTO,logical_table
DD0DCF794EC0FC4919DF53AA7FB840CE,attribute,Tipo Cuenta Segmento,,Schema Objects/Attributes/Facturacion Cabecera/Cuenta Financiera,Descripcion,DESC,text,TIPO_CUENTA_SEGMENTO_DE,V_D_TIPO_CUENTA_SEGMENTO,logical_table
CE58E7E54AA752EDE732D69ED9B4323A,attribute,Tipo Documento Cliente,,Schema Objects/Attributes/Facturacion Cabecera/Cliente,ID,ID,number,TIPO_DOCUMENTO_CLIENTE_ID,V_D_TIPO_DOCUMENTO_CLIENTE,logical_table
CE58E7E54AA752EDE732D69ED9B4323A,attribute,Tipo Documento Cliente,,Schema Objects/Attributes/Facturacion Cabecera/Cliente,ID,ID,number,TIPO_DOCUMENTO_CLIENTE_ID,V_F_TR_FACTURACION_CABECERA_D,logical_table
CE58E7E54AA752EDE732D69ED9B4323A,attribute,Tipo Documento Cliente,,Schema Objects/Attributes/Facturacion Cabecera/Cliente,ID,ID,number,TIPO_DOCUMENTO_ID,V_F_TR_FACTURACION_DETALLE_D,logical_table
CE58E7E54AA752EDE732D69ED9B4323A,attribute,Tipo Documento Cliente,,Schema Objects/Attributes/Facturacion Cabecera/Cliente,ID,ID,number,TIPO_DOCUMENTO_ID,V_F_TR_FACTURACION_IMPUESTOS_D,logical_table
CE58E7E54AA752EDE732D69ED9B4323A,attribute,Tipo Documento Cliente,,Schema Objects/Attributes/Facturacion Cabecera/Cliente,DESC,DESC,text,TIPO_DOCUMENTO_CLIENTE_DE,V_D_TIPO_DOCUMENTO_CLIENTE,logical_table
882C2C2E48D702C69F4AAA8A5D4F364E,attribute,Tipo Documento Cuenta Financiera,,Schema Objects/Attributes/Facturacion Cabecera/Cuenta Financiera,ID,ID,number,TIPO_DOCUMENTO_CUENTA_ID,V_D_CUENTA_FINANCIERA,logical_table
882C2C2E48D702C69F4AAA8A5D4F364E,attribute,Tipo Documento Cuenta Financiera,,Schema Objects/Attributes/Facturacion Cabecera/Cuenta Financiera,ID,ID,number,TIPO_DOCUMENTO_CLIENTE_ID,A_V_D_TIPO_DOCUMENTO_CUENTA_FINANCIERA,logical_table
882C2C2E48D702C69F4AAA8A5D4F364E,attribute,Tipo Documento Cuenta Financiera,,Schema Objects/Attributes/Facturacion Cabecera/Cuenta Financiera,DESC,DESC,text,TIPO_DOCUMENTO_CLIENTE_DE,A_V_D_TIPO_DOCUMENTO_CUENTA_FINANCIERA,logical_table
2233D0464A28BEF771AEC3AC5D5D4E74,attribute,Tipo Facturacion,,Schema Objects/Attributes/Facturacion Cabecera,ID,ID,number,TIPO_FACTURACION_ID,V_D_TIPO_FACTURACION,logical_table
2233D0464A28BEF771AEC3AC5D5D4E74,attribute,Tipo Facturacion,,Schema Objects/Attributes/Facturacion Cabecera,ID,ID,number,TIPO_FACTURACION_ID,V_F_AG_FACTURACION_DETALLE_01_D,logical_table
2233D0464A28BEF771AEC3AC5D5D4E74,attribute,Tipo Facturacion,,Schema Objects/Attributes/Facturacion Cabecera,ID,ID,number,TIPO_FACTURACION_ID,V_F_TR_FACTURACION_CABECERA_D,logical_table
2233D0464A28BEF771AEC3AC5D5D4E74,attribute,Tipo Facturacion,,Schema Objects/Attributes/Facturacion Cabecera,ID,ID,number,TIPO_FACTURACION_ID,V_F_TR_FACTURACION_DETALLE_D,logical_table
2233D0464A28BEF771AEC3AC5D5D4E74,attribute,Tipo Facturacion,,Schema Objects/Attributes/Facturacion Cabecera,ID,ID,number,TIPO_FACTURACION_ID,V_F_TR_FACTURACION_IMPUESTOS_D,logical_table
2233D0464A28BEF771AEC3AC5D5D4E74,attribute,Tipo Facturacion,,Schema Objects/Attributes/Facturacion Cabecera,Codigo,CODIGO,text,TIPO_FACTURACION_CD,V_D_TIPO_FACTURACION,logical_table
2233D0464A28BEF771AEC3AC5D5D4E74,attribute,Tipo Facturacion,,Schema Objects/Attributes/Facturacion Cabecera,Descripcion,DESC,text,TIPO_FACTURACION_DE,V_D_TIPO_FACTURACION,logical_table
8CB4BF784F56C753F6556396B395F3A9,attribute,Tipo Impuesto,,Schema Objects/Attributes/Facturacion Impuestos/Impuesto,ID,ID,number,TIPO_IMPUESTO_ID,V_D_TIPO_IMPUESTO,logical_table
8CB4BF784F56C753F6556396B395F3A9,attribute,Tipo Impuesto,,Schema Objects/Attributes/Facturacion Impuestos/Impuesto,ID,ID,number,TIPO_IMPUESTO_ID,V_F_TR_FACTURACION_IMPUESTOS_D,logical_table
8CB4BF784F56C753F6556396B395F3A9,attribute,Tipo Impuesto,,Schema Objects/Attributes/Facturacion Impuestos/Impuesto,Codigo,CODIGO,text,TIPO_IMPUESTO_CD,V_D_TIPO_IMPUESTO,logical_table
8CB4BF784F56C753F6556396B395F3A9,attribute,Tipo Impuesto,,Schema Objects/Attributes/Facturacion Impuestos/Impuesto,Descripcion,DESC,text,TIPO_IMPUESTO_DE,V_D_TIPO_IMPUESTO,logical_table
F04D757448C6C56ED71DBE9F3E4024D3,attribute,Tipo Operador,,Schema Objects/Attributes/Facturacion Cabecera/Usuario,ID,ID,number,TIPO_OPERADOR_ID,V_D_TIPO_OPERADOR,logical_table
F04D757448C6C56ED71DBE9F3E4024D3,attribute,Tipo Operador,,Schema Objects/Attributes/Facturacion Cabecera/Usuario,ID,ID,number,TIPO_OPERADOR_ID,V_D_USUARIO,logical_table
F04D757448C6C56ED71DBE9F3E4024D3,attribute,Tipo Operador,,Schema Objects/Attributes/Facturacion Cabecera/Usuario,DESC,DESC,text,TIPO_OPERADOR_DE,V_D_TIPO_OPERADOR,logical_table
2361FEDD44E5329122E6B9B75A2BF427,attribute,Tipo Origen Pago,,Schema Objects/Attributes/Pagos Detalle/Pago/Origen Pago,ID,ID,number,TIPO_ORIGEN_PAGO_ID,V_D_TIPO_ORIGEN_PAGO,logical_table
2361FEDD44E5329122E6B9B75A2BF427,attribute,Tipo Origen Pago,,Schema Objects/Attributes/Pagos Detalle/Pago/Origen Pago,ID,ID,number,TIPO_ORIGEN_PAGO_ID,V_F_TR_COBROS_DETALLE_D,logical_table
2361FEDD44E5329122E6B9B75A2BF427,attribute,Tipo Origen Pago,,Schema Objects/Attributes/Pagos Detalle/Pago/Origen Pago,ID,ID,number,TIPO_ORIGEN_PAGO_ID,V_F_TR_DESCONCILIACION_PAGOS_D,logical_table
2361FEDD44E5329122E6B9B75A2BF427,attribute,Tipo Origen Pago,,Schema Objects/Attributes/Pagos Detalle/Pago/Origen Pago,ID,ID,number,TIPO_ORIGEN_PAGO_ID,V_F_TR_PAGOS_CONTABILIZADOS_D,logical_table
2361FEDD44E5329122E6B9B75A2BF427,attribute,Tipo Origen Pago,,Schema Objects/Attributes/Pagos Detalle/Pago/Origen Pago,Descripcion,DESC,text,TIPO_ORIGEN_PAGO_DE,V_D_TIPO_ORIGEN_PAGO,logical_table
2361FEDD44E5329122E6B9B75A2BF427,attribute,Tipo Origen Pago,,Schema Objects/Attributes/Pagos Detalle/Pago/Origen Pago,Codigo,CODIGO,text,TIPO_ORIGEN_PAGO_CD,V_D_TIPO_ORIGEN_PAGO,logical_table
8A29A85B4DE2ADD8BA0501B0B805CFFF,attribute,Tipo Pago,,Schema Objects/Attributes/Pagos Detalle/Pago,ID,ID,number,TIPO_PAGO_ID,V_D_TIPO_PAGO,logical_table
8A29A85B4DE2ADD8BA0501B0B805CFFF,attribute,Tipo Pago,,Schema Objects/Attributes/Pagos Detalle/Pago,ID,ID,number,TIPO_PAGO_ID,V_F_TR_COBROS_DETALLE_D,logical_table
8A29A85B4DE2ADD8BA0501B0B805CFFF,attribute,Tipo Pago,,Schema Objects/Attributes/Pagos Detalle/Pago,Descripcion,DESC,text,TIPO_PAGO_DE,V_D_TIPO_PAGO,logical_table
8A29A85B4DE2ADD8BA0501B0B805CFFF,attribute,Tipo Pago,,Schema Objects/Attributes/Pagos Detalle/Pago,Codigo,CODIGO,text,TIPO_PAGO_CD,V_D_TIPO_PAGO,logical_table
F47CF2C742EA8CB4AB98AE8F030A3460,attribute,Tipo Suscriptor,,Schema Objects/Attributes/Facturacion Detalle,ID,ID,number,TIPO_SUSCRIPTOR_ID,V_D_TIPO_SUSCRIPTOR,logical_table
F47CF2C742EA8CB4AB98AE8F030A3460,attribute,Tipo Suscriptor,,Schema Objects/Attributes/Facturacion Detalle,ID,ID,number,TIPO_SUSCRIPTOR_ID,V_F_TR_FACTURACION_DETALLE_D,logical_table
F47CF2C742EA8CB4AB98AE8F030A3460,attribute,Tipo Suscriptor,,Schema Objects/Attributes/Facturacion Detalle,Codigo,CODIGO,text,TIPO_SUSCRIPTOR_CD,V_D_TIPO_SUSCRIPTOR,logical_table
F47CF2C742EA8CB4AB98AE8F030A3460,attribute,Tipo Suscriptor,,Schema Objects/Attributes/Facturacion Detalle,Descripcion,DESC,text,TIPO_SUSCRIPTOR_DE,V_D_TIPO_SUSCRIPTOR,logical_table
FC0A373549A3FF825D9B86B36178D97E,attribute,Tipo Tecnico,,Schema Objects/Attributes/Facturacion Detalle,ID,ID,number,TIPO_TECNICO_ID,V_D_TIPO_TECNICO,logical_table
FC0A373549A3FF825D9B86B36178D97E,attribute,Tipo Tecnico,,Schema Objects/Attributes/Facturacion Detalle,ID,ID,number,TIPO_TECNICO_ID,V_F_AG_FACTURACION_DETALLE_01_D,logical_table
FC0A373549A3FF825D9B86B36178D97E,attribute,Tipo Tecnico,,Schema Objects/Attributes/Facturacion Detalle,ID,ID,number,TIPO_TECNICO_ID,V_F_TR_FACTURACION_DETALLE_D,logical_table
FC0A373549A3FF825D9B86B36178D97E,attribute,Tipo Tecnico,,Schema Objects/Attributes/Facturacion Detalle,DESC,DESC,text,TIPO_TECNICO_DE,V_D_TIPO_TECNICO,logical_table
486E744C4D2790D8E7E03E9C5306A9D3,attribute,Tipo Trafico SAP,,Schema Objects/Attributes/Facturacion Detalle/Cargo Facturacion,ID,ID,number,TIPO_TRAFICO_SAP_ID,V_D_CARGO_FACTURACION,logical_table
486E744C4D2790D8E7E03E9C5306A9D3,attribute,Tipo Trafico SAP,,Schema Objects/Attributes/Facturacion Detalle/Cargo Facturacion,ID,ID,number,TIPO_TRAFICO_SAP_ID,V_D_TIPO_TRAFICO_SAP,logical_table
486E744C4D2790D8E7E03E9C5306A9D3,attribute,Tipo Trafico SAP,,Schema Objects/Attributes/Facturacion Detalle/Cargo Facturacion,Codigo,CODIGO,text,TIPO_TRAFICO_SAP_CD,V_D_TIPO_TRAFICO_SAP,logical_table
486E744C4D2790D8E7E03E9C5306A9D3,attribute,Tipo Trafico SAP,,Schema Objects/Attributes/Facturacion Detalle/Cargo Facturacion,Descripcion,DESC,text,TIPO_TRAFICO_SAP_DE,V_D_TIPO_TRAFICO_SAP,logical_table
70A5B3354EA22FBCF681CEB62DE91EB0,attribute,Tipo Usuario,,Schema Objects/Attributes/Facturacion Cabecera/Usuario,ID,ID,number,TIPO_USUARIO_ID,V_D_TIPO_USUARIO,logical_table
70A5B3354EA22FBCF681CEB62DE91EB0,attribute,Tipo Usuario,,Schema Objects/Attributes/Facturacion Cabecera/Usuario,ID,ID,number,TIPO_USUARIO_ID,V_D_USUARIO,logical_table
70A5B3354EA22FBCF681CEB62DE91EB0,attribute,Tipo Usuario,,Schema Objects/Attributes/Facturacion Cabecera/Usuario,DESC,DESC,text,TIPO_USUARIO_DE,V_D_TIPO_USUARIO,logical_table
F925584C4B6FF068224551AA49561A83,attribute,Trimestre CAE,,Schema Objects/Attributes/Facturacion Cabecera/Tiempo/Fecha CAE,ID,ID,number,TRIMESTRE_ID,A_V_D_CALENDARIO_FECHA_CAE,logical_table
F925584C4B6FF068224551AA49561A83,attribute,Trimestre CAE,,Schema Objects/Attributes/Facturacion Cabecera/Tiempo/Fecha CAE,ID,ID,number,TRIMESTRE_ID,A_V_D_TRIMESTRE_FECHA_CAE,logical_table
F925584C4B6FF068224551AA49561A83,attribute,Trimestre CAE,,Schema Objects/Attributes/Facturacion Cabecera/Tiempo/Fecha CAE,DESC,DESC,text,TRIMESTRE_DE,A_V_D_TRIMESTRE_FECHA_CAE,logical_table
F925584C4B6FF068224551AA49561A83,attribute,Trimestre CAE,,Schema Objects/Attributes/Facturacion Cabecera/Tiempo/Fecha CAE,CODIGO,CODIGO,number,TRIMESTRE_NR,A_V_D_TRIMESTRE_FECHA_CAE,logical_table
07A66AFF44ADA268B3012BA3A8CBFDCB,attribute,Trimestre Creacion Factura,,Schema Objects/Attributes/Facturacion Cabecera/Tiempo/Fecha Creacion,ID,ID,number,TRIMESTRE_ID,A_V_D_CALENDARIO_FECHA_CREACION_FACTURA,logical_table
07A66AFF44ADA268B3012BA3A8CBFDCB,attribute,Trimestre Creacion Factura,,Schema Objects/Attributes/Facturacion Cabecera/Tiempo/Fecha Creacion,ID,ID,number,TRIMESTRE_ID,A_V_D_TRIMESTRE_FECHA_CREACION_FACTURA,logical_table
07A66AFF44ADA268B3012BA3A8CBFDCB,attribute,Trimestre Creacion Factura,,Schema Objects/Attributes/Facturacion Cabecera/Tiempo/Fecha Creacion,DESC,DESC,text,TRIMESTRE_DE,A_V_D_TRIMESTRE_FECHA_CREACION_FACTURA,logical_table
07A66AFF44ADA268B3012BA3A8CBFDCB,attribute,Trimestre Creacion Factura,,Schema Objects/Attributes/Facturacion Cabecera/Tiempo/Fecha Creacion,CODIGO,CODIGO,number,TRIMESTRE_NR,A_V_D_TRIMESTRE_FECHA_CREACION_FACTURA,logical_table
F965594847A3700299906BB24DAB054F,attribute,Trimestre Emision Factura,,Schema Objects/Attributes/Facturacion Cabecera/Tiempo/Fecha Emision,ID,ID,number,TRIMESTRE_ID,A_V_D_CALENDARIO_FECHA_EMISION_FACTURA,logical_table
F965594847A3700299906BB24DAB054F,attribute,Trimestre Emision Factura,,Schema Objects/Attributes/Facturacion Cabecera/Tiempo/Fecha Emision,ID,ID,number,TRIMESTRE_ID,A_V_D_TRIMESTRE_FECHA_EMISION_FACTURA,logical_table
F965594847A3700299906BB24DAB054F,attribute,Trimestre Emision Factura,,Schema Objects/Attributes/Facturacion Cabecera/Tiempo/Fecha Emision,DESC,DESC,text,TRIMESTRE_DE,A_V_D_TRIMESTRE_FECHA_EMISION_FACTURA,logical_table
F965594847A3700299906BB24DAB054F,attribute,Trimestre Emision Factura,,Schema Objects/Attributes/Facturacion Cabecera/Tiempo/Fecha Emision,CODIGO,CODIGO,number,TRIMESTRE_NR,A_V_D_TRIMESTRE_FECHA_EMISION_FACTURA,logical_table
3EE66F0948D7932F26CA4AB5B2469AFA,attribute,Trimestre Recarga,,Schema Objects/Attributes/Facturacion Cabecera/Tiempo/Fecha Recarga,ID,ID,number,TRIMESTRE_ID,A_V_D_CALENDARIO_FECHA_RECARGA,logical_table
3EE66F0948D7932F26CA4AB5B2469AFA,attribute,Trimestre Recarga,,Schema Objects/Attributes/Facturacion Cabecera/Tiempo/Fecha Recarga,ID,ID,number,TRIMESTRE_ID,A_V_D_TRIMESTRE_FECHA_RECARGA,logical_table
3EE66F0948D7932F26CA4AB5B2469AFA,attribute,Trimestre Recarga,,Schema Objects/Attributes/Facturacion Cabecera/Tiempo/Fecha Recarga,DESC,DESC,text,TRIMESTRE_DE,A_V_D_TRIMESTRE_FECHA_RECARGA,logical_table
3EE66F0948D7932F26CA4AB5B2469AFA,attribute,Trimestre Recarga,,Schema Objects/Attributes/Facturacion Cabecera/Tiempo/Fecha Recarga,CODIGO,CODIGO,number,TRIMESTRE_NR,A_V_D_TRIMESTRE_FECHA_RECARGA,logical_table
3DDE503E4295FC9A9B52CCA109F843B6,attribute,Trimestre Vencimiento Factura,,Schema Objects/Attributes/Facturacion Cabecera/Tiempo/Fecha Vencimiento,ID,ID,number,TRIMESTRE_ID,A_V_D_CALENDARIO_FECHA_VENCIMIENTO_FACTURA,logical_table
3DDE503E4295FC9A9B52CCA109F843B6,attribute,Trimestre Vencimiento Factura,,Schema Objects/Attributes/Facturacion Cabecera/Tiempo/Fecha Vencimiento,ID,ID,number,TRIMESTRE_ID,A_V_D_TRIMESTRE_FECHA_VENCIMIENTO_FACTURA,logical_table
3DDE503E4295FC9A9B52CCA109F843B6,attribute,Trimestre Vencimiento Factura,,Schema Objects/Attributes/Facturacion Cabecera/Tiempo/Fecha Vencimiento,DESC,DESC,text,TRIMESTRE_DE,A_V_D_TRIMESTRE_FECHA_VENCIMIENTO_FACTURA,logical_table
3DDE503E4295FC9A9B52CCA109F843B6,attribute,Trimestre Vencimiento Factura,,Schema Objects/Attributes/Facturacion Cabecera/Tiempo/Fecha Vencimiento,CODIGO,CODIGO,number,TRIMESTRE_NR,A_V_D_TRIMESTRE_FECHA_VENCIMIENTO_FACTURA,logical_table
9F4FA8D948F7412B1B8142907E7DEAA5,attribute,Usuario,,Schema Objects/Attributes/Facturacion Cabecera/Usuario,ID,ID,number,USUARIO_ID,V_D_USUARIO,logical_table
9F4FA8D948F7412B1B8142907E7DEAA5,attribute,Usuario,,Schema Objects/Attributes/Facturacion Cabecera/Usuario,ID,ID,number,USUARIO_ID,V_F_TR_COBROS_DETALLE_D,logical_table
9F4FA8D948F7412B1B8142907E7DEAA5,attribute,Usuario,,Schema Objects/Attributes/Facturacion Cabecera/Usuario,ID,ID,number,USUARIO_ID,V_F_TR_FACTURACION_CABECERA_D,logical_table
9F4FA8D948F7412B1B8142907E7DEAA5,attribute,Usuario,,Schema Objects/Attributes/Facturacion Cabecera/Usuario,ID,ID,number,USUARIO_ID,V_F_TR_FACTURACION_DETALLE_D,logical_table
9F4FA8D948F7412B1B8142907E7DEAA5,attribute,Usuario,,Schema Objects/Attributes/Facturacion Cabecera/Usuario,ID,ID,number,USUARIO_ID,V_F_TR_FACTURACION_IMPUESTOS_D,logical_table
9F4FA8D948F7412B1B8142907E7DEAA5,attribute,Usuario,,Schema Objects/Attributes/Facturacion Cabecera/Usuario,Codigo,CODIGO,text,USUARIO_CD,V_D_USUARIO,logical_table
9F4FA8D948F7412B1B8142907E7DEAA5,attribute,Usuario,,Schema Objects/Attributes/Facturacion Cabecera/Usuario,Operador,Usuario None,number,OPERADOR_CD,V_D_USUARIO,logical_table
9F4FA8D948F7412B1B8142907E7DEAA5,attribute,Usuario,,Schema Objects/Attributes/Facturacion Cabecera/Usuario,Fecha Efectiva,Usuario None (1),date_time,FECHA_EFECTIVA_FE,V_D_USUARIO,logical_table
9F4FA8D948F7412B1B8142907E7DEAA5,attribute,Usuario,,Schema Objects/Attributes/Facturacion Cabecera/Usuario,Fecha Expiracion,Usuario None (2),date_time,FECHA_EXPIRACION_FE,V_D_USUARIO,logical_table
